Result,Player,Book Odds,predicted_prob,Odds,New Odds (w/limits),Difference,New Ex%,Book Decimal Odds,Bet Standard,Profit Standard,BankRoll Standard,Bet Kelly,Profit Kelly,Bankroll Kelly,Bets,Bet Odds,Edge,Week,,,This Week,14,,,,,,
Miss,George Kittle,210,89.3%,-838,-150,-360,60%,3.10,$40,-$40.00,$960.00,$102,-$102.38,$898,George Kittle,210,27.7%,13,Yellow cells have formulas so be careful,,,,,,,,,
Miss,Garrett Wilson,155,60.9%,-156,-150,-305,60%,2.55,$40,-$40.00,$920.00,$85,-$85.48,$812,Garrett Wilson,155,20.8%,13,,,,,,,,,,
Hit,Terry McLaurin,170,57.3%,-134,-134,-304,57%,2.70,$40,$68.00,$988.00,$81,$137.05,$949,Terry McLaurin,170,20.3%,13,,,,,,,,,,
Miss,Ladd McConkey,170,56.7%,-131,-131,-301,57%,2.70,$40,-$40.00,$948.00,$78,-$77.90,$871,Ladd McConkey,170,19.6%,13,"$1,000",,,,,,,,,
Miss,Jordan Addison,150,52.0%,-108,-108,-258,52%,2.50,$40,-$40.00,$908.00,$50,-$49.85,$821,Jordan Addison,150,12.0%,13,,,,,,,,,,
Hit,Ja'Marr Chase,-115,78.8%,-372,-150,-35,60%,1.87,$40,$34.78,$942.78,$35,$30.43,$852,Ja'Marr Chase,-115,6.5%,13,Starting Bankroll,,,,,,,,,
Miss,Drake London,145,52.5%,-110,-110,-255,52%,2.45,$40,-$40.00,$902.78,$49,-$49.16,$803,Drake London,145,11.6%,13,Overall Profit Standard,,,,,,,,,
Miss,Justin Jefferson,115,58.2%,-140,-140,-255,58%,2.15,$40,-$40.00,$862.78,$55,-$54.86,$748,Justin Jefferson,115,11.7%,13,"$1,822.94",,,,,,,,,
Miss,Jauan Jennings,280,43.6%,129,129,-151,44%,3.80,$40,-$40.00,$822.78,$59,-$58.59,$689,Jauan Jennings,280,17.3%,13,Overall Profit Kelly,,,,,,,,,
Hit,Andrei Iosivas,400,24.5%,308,308,-92,25%,5.00,$40,$160.00,$982.78,$14,$56.70,$746,Andrei Iosivas,400,4.5%,13,"$1,037.27",,,,,,,,,
Miss,Hunter Henry,275,34.7%,188,188,-87,35%,3.75,$40,-$40.00,$942.78,$27,-$27.44,$719,Hunter Henry,275,8.1%,13,,,,,,,,,,
Hit,Johnny Mundt,950,10.1%,887,887,-63,10%,10.50,$40,$380.00,"$1,322.78",$2,$16.04,$735,Johnny Mundt,950,0.6%,13,Kelly Bet Amount,,,,,,,,,
Void,Diontae Johnson,500,18.6%,439,439,-61,19%,6.00,$0,,"$1,322.78",,,$735,Diontae Johnson,500,1.9%,13,"$7,688.22",,,Recieving,Kelly Bet Amount,Kelly Profit,Kelly Return,Standard Bet Amount,Standard Profit,Standard Return
Hit,Demarcus Robinson,280,30.8%,225,225,-55,31%,3.80,$40,$112.00,"$1,434.78",$15,$42.53,$777,Demarcus Robinson,280,4.5%,13,,,,Week 13,$962,-$261.02,-27.13%,"$1,000.00",$534.78,53.48%
Miss,Jaxon Smith-Njigba,215,37.9%,164,164,-51,38%,3.15,$40,-$40.00,"$1,394.78",$23,-$22.56,$755,Jaxon Smith-Njigba,215,6.2%,13,Standard Profit:,,,Week 14,$946,-$343.36,-36.31%,$960.00,-$148.32,-15.45%
Hit,Pat Freiermuth,380,22.8%,339,339,-41,23%,4.80,$40,$152.00,"$1,546.78",$6,$23.06,$778,Pat Freiermuth,380,1.9%,13,$534.78,,,Week 15,"$1,472",$774.03,52.59%,"$1,400.00",$530.10,37.86%
Miss,Xavier Legette,225,35.0%,186,186,-39,35%,3.25,$40,-$40.00,"$1,506.78",$15,-$15.23,$762,Xavier Legette,225,4.2%,13,Kelly Profit:,,,Week 16,"$1,376",$279.50,20.31%,"$1,400.00",$651.81,46.56%
Miss,Jalen Nailor,360,23.7%,322,322,-38,24%,4.60,$40,-$40.00,"$1,466.78",$6,-$6.33,$756,Jalen Nailor,360,2.0%,13,-$261.02,,,Week 17,"$1,084",$605,55.81%,"$1,160",$420,36.21%
Hit,Davante Adams,175,39.6%,152,152,-23,40%,2.75,$40,$70.00,"$1,536.78",$13,$22.33,$778,Davante Adams,175,3.2%,13,,,,Week 18,"$1,028",$45.16,4.39%,"$1,240.00",$148.57,11.98%
Miss,Cade Otton,185,37.4%,168,168,-17,37%,2.85,$40,-$40.00,"$1,496.78",$9,-$8.78,$770,Cade Otton,185,2.3%,13,,,,Total,"$7,688","$1,037.27",13.49%,"$7,920.00","$1,822.94",23.02%
Miss,A.J. Brown,125,47.3%,111,111,-14,47%,2.25,$40,-$40.00,"$1,456.78",$13,-$12.95,$757,A.J. Brown,125,2.9%,13,,,,,,,,,,
Hit,Keenan Allen,265,32.0%,209,209,-56,32%,3.65,$40,$106.00,"$1,562.78",$17,$45.31,$802,Keenan Allen,265,5.0%,13,,,,,,,,,,
Hit,D.J. Moore,230,43.0%,135,135,-95,43%,3.30,$40,$92.00,"$1,654.78",$44,$101.06,$903,D.J. Moore,230,12.3%,13,,,,,,,,,,
Miss,Jonnu Smith,250,40.0%,153,153,-97,40%,3.50,$40,-$40.00,"$1,614.78",$38,-$38.34,$865,Jonnu Smith,250,11.0%,13,,,,,,,,,,
Miss,Amon-Ra St. Brown,105,85.0%,-754,-150,-255,60%,2.05,$40,-$40.00,"$1,574.78",$55,-$54.76,$810,Amon-Ra St. Brown,105,11.2%,13,,,,,,,,,,
Miss,Travis Kelce,135,59.0%,-143,-143,-278,59%,2.35,$40,-$40.00,"$1,534.78",$71,-$70.91,$739,Travis Kelce,135,16.3%,13,,,,,,,,,,
Miss,Drake London,155,51.2%,-105,-105,-260,51%,2.55,$40,-$40.00,"$1,494.78",$49,-$49.33,$690,Drake London,155,12.0%,14,,,,,,,,,,
Miss,Travis Kelce,145,65.4%,-189,-150,-295,60%,2.45,$40,-$40.00,"$1,454.78",$81,-$81.03,$609,Travis Kelce,145,19.2%,14,,,,,,,,,,
Miss,Garrett Wilson,175,56.9%,-132,-132,-307,57%,2.75,$40,-$40.00,"$1,414.78",$81,-$80.83,$528,Garrett Wilson,175,20.6%,14,,,,,,,,,,
Miss,Amon-Ra St. Brown,100,83.7%,-513,-150,-250,60%,2.00,$40,-$40.00,"$1,374.78",$50,-$50.00,$478,Amon-Ra St. Brown,100,10.0%,14,,,,,,,,,,
Miss,George Kittle,170,85.3%,-581,-150,-320,60%,2.70,$40,-$40.00,"$1,334.78",$91,-$91.18,$387,George Kittle,170,23.0%,14,,,,,,,,,,
Miss,D.J. Moore,205,50.7%,-103,-103,-308,51%,3.05,$40,-$40.00,"$1,294.78",$67,-$66.54,$320,D.J. Moore,205,17.9%,14,,,,,,,,,,
Hit,Justin Jefferson,-105,54.9%,-122,-122,-17,55%,1.95,$40,$38.10,"$1,332.88",$19,$17.88,$338,Justin Jefferson,-105,3.7%,14,,,,,,,,,,
Hit,Davante Adams,160,47.1%,112,112,-48,47%,2.60,$40,$64.00,"$1,396.88",$35,$56.40,$394,Davante Adams,160,8.7%,14,Standard Profit:,,,,,,,,,
Hit,Jauan Jennings,215,38.8%,158,158,-57,39%,3.15,$40,$86.00,"$1,482.88",$26,$55.38,$450,Jauan Jennings,215,7.0%,14,-$148.32,,,,,,,,,
Miss,Mike Evans,105,54.5%,-120,-120,-225,54%,2.05,$40,-$40.00,"$1,442.88",$28,-$27.85,$422,Mike Evans,105,5.7%,14,Kelly Profit:,,,,,,,,,
Miss,Xavier Legette,425,35.1%,185,185,-240,35%,5.25,$40,-$40.00,"$1,402.88",$49,-$49.45,$372,Xavier Legette,425,16.0%,14,-$343.36,,,,,,,,,
Hit,David Njoku,220,35.5%,181,181,-39,36%,3.20,$40,$88.00,"$1,490.88",$16,$34.21,$407,David Njoku,220,4.3%,14,,,,,,,,,,
Miss,Demarcus Robinson,340,37.0%,170,170,-170,37%,4.40,$40,-$40.00,"$1,450.88",$46,-$46.34,$360,Demarcus Robinson,340,14.3%,14,,,,,,,,,,
Miss,Wan'Dale Robinson,310,30.7%,226,226,-84,31%,4.10,$40,-$40.00,"$1,410.88",$21,-$20.87,$339,Wan'Dale Robinson,310,6.3%,14,,,,,,,,,,
Hit,Jonnu Smith,175,40.6%,146,146,-29,41%,2.75,$40,$70.00,"$1,480.88",$17,$29.18,$369,Jonnu Smith,175,4.2%,14,,,,,,,,,,
Miss,Keenan Allen,200,40.7%,146,146,-54,41%,3.00,$40,-$40.00,"$1,440.88",$28,-$27.70,$341,Keenan Allen,200,7.4%,14,,,,,,,,,,
Hit,Cooper Kupp,155,67.3%,-206,-150,-305,60%,2.55,$40,$62.00,"$1,502.88",$85,$132.50,$473,Cooper Kupp,155,20.8%,14,,,,,,,,,,
Hit,Jordan Addison,140,48.6%,106,106,-34,49%,2.40,$40,$56.00,"$1,558.88",$30,$41.37,$515,Jordan Addison,140,6.9%,14,,,,,,,,,,
Miss,Cole Kmet,295,30.0%,234,234,-61,30%,3.95,$40,-$40.00,"$1,518.88",$16,-$15.60,$499,Cole Kmet,295,4.7%,14,,,,,,,,,,
Miss,Jalen Nailor,380,22.6%,343,343,-37,23%,4.80,$40,-$40.00,"$1,478.88",$5,-$5.49,$494,Jalen Nailor,380,1.7%,14,,,,,,,,,,
Void,Ladd McConkey,165,56.1%,-128,-128,-293,56%,2.65,$0,$0.00,"$1,478.88",,,$494,Ladd McConkey,165,18.4%,14,,,,,,,,,,
Miss,Malik Nabers,180,49.5%,102,102,-78,49%,2.80,$40,-$40.00,"$1,438.88",$53,-$53.44,$440,Malik Nabers,180,13.7%,14,,,,,,,,,,
Void,Brenton Strange,800,12.3%,711,711,-89,12%,9.00,$0,$0.00,"$1,438.88",,,$440,Brenton Strange,800,1.2%,14,,,,,,,,,,
Miss,Brock Wright,900,12.6%,695,695,-205,13%,10.00,$40,-$40.00,"$1,398.88",$7,-$7.18,$433,Brock Wright,900,2.6%,14,,,,,,,,,,
Hit,Ja'Marr Chase,-145,80.8%,-420,-150,-5,60%,1.69,$40,$27.59,"$1,426.46",$5,$3.45,$437,Ja'Marr Chase,-145,0.8%,14,,,,,,,,,,
Miss,Andrei Iosivas,500,30.3%,230,230,-270,30%,6.00,$40,-$40.00,"$1,386.46",$41,-$40.91,$396,Andrei Iosivas,500,13.6%,14,,,,,,,,,,
Miss,Cooper Kupp,135,64.9%,-185,-150,-285,60%,2.35,$40,-$40.00,"$1,346.46",$76,-$75.93,$320,Cooper Kupp,135,17.4%,15,,,,,,,,,,
Miss,George Kittle,150,85.6%,-595,-150,-300,60%,2.50,$40,-$40.00,"$1,306.46",$83,-$83.33,$236,George Kittle,150,20.0%,15,,,,,,,,,,
Miss,Jauan Jennings,165,48.0%,107,107,-58,48%,2.65,$40,-$40.00,"$1,266.46",$42,-$42.45,$194,Jauan Jennings,165,10.6%,15,,,,,,,,,,
Miss,Demarcus Robinson,440,33.6%,197,197,-243,34%,5.40,$40,-$40.00,"$1,226.46",$46,-$46.49,$147,Demarcus Robinson,440,15.2%,15,,,,,,,,,,
Miss,Ja'Marr Chase,-155,86.4%,-633,-150,5,60%,1.65,$40,-$40.00,"$1,186.46",$0,$0.00,$147,Ja'Marr Chase,-155,-0.8%,15,,,,,,,,,,
Hit,Drake London,130,51.0%,-104,-104,-234,51%,2.30,$40,$52.00,"$1,238.46",$33,$43.06,$190,Drake London,130,7.5%,15,,,,,,,,,,
Hit,Garrett Wilson,165,58.8%,-143,-143,-308,59%,2.65,$40,$66.00,"$1,304.46",$85,$139.57,$330,Garrett Wilson,165,21.1%,15,,,,,,,,,,
Miss,Travis Kelce,145,63.6%,-175,-150,-295,60%,2.45,$40,-$40.00,"$1,264.46",$81,-$81.03,$249,Travis Kelce,145,19.2%,15,,,,,,,,,,
Hit,Courtland Sutton,130,48.6%,106,106,-24,49%,2.30,$40,$52.00,"$1,316.46",$22,$29.23,$278,Courtland Sutton,130,5.1%,15,,,,,,,,,,
Hit,Amon-Ra St. Brown,-105,80.8%,-421,-150,-45,60%,1.95,$40,$38.10,"$1,354.56",$45,$42.86,$321,Amon-Ra St. Brown,-105,8.8%,15,Standard Profit:,,,,,,,,,
Hit,Davante Adams,145,58.6%,-142,-142,-287,59%,2.45,$40,$58.00,"$1,412.56",$75,$109.15,$430,Davante Adams,145,17.8%,15,$420.10,,,,,,,,,
Hit,Tee Higgins,160,62.2%,-165,-150,-310,60%,2.60,$40,$64.00,"$1,476.56",$88,$140.00,$570,Tee Higgins,160,21.5%,15,Kelly Profit:,,,,,,,,,
Miss,Tyreek Hill,135,43.5%,130,130,-5,43%,2.35,$40,-$40.00,"$1,436.56",$4,-$4.07,$566,Tyreek Hill,135,0.9%,15,$732.40,,,,,,,,,
Miss,Cade Otton,200,34.8%,187,187,-13,35%,3.00,$40,-$40.00,"$1,396.56",$5,-$5.49,$561,Cade Otton,200,1.5%,15,,,,,,,,,,
Miss,Hunter Henry,275,35.8%,179,179,-96,36%,3.75,$40,-$40.00,"$1,356.56",$31,-$31.22,$529,Hunter Henry,275,9.2%,15,,,,,,,,,,
Miss,Josh Downs,275,34.0%,194,194,-81,34%,3.75,$40,-$40.00,"$1,316.56",$25,-$24.89,$505,Josh Downs,275,7.3%,15,,,,,,,,,,
Void,David Njoku,245,34.0%,194,194,-51,34%,3.45,$0,$0.00,"$1,316.56",,,$505,David Njoku,245,5.0%,15,,,,,,,,,,
Miss,Wan'Dale Robinson,360,29.8%,236,236,-124,30%,4.60,$40,-$40.00,"$1,276.56",$26,-$25.61,$479,Wan'Dale Robinson,360,8.0%,15,,,,,,,,,,
Hit,Jonnu Smith,200,45.8%,119,119,-81,46%,3.00,$40,$80.00,"$1,356.56",$47,$93.20,$572,Jonnu Smith,200,12.4%,15,,,,,,,,,,
Hit,Mike Evans,115,51.8%,-107,-107,-222,52%,2.15,$40,$46.00,"$1,402.56",$25,$28.20,$600,Mike Evans,115,5.2%,15,,,,,,,,,,
Void,Allen Lazard,295,36.0%,177,177,-118,36%,3.95,$0,$0.00,"$1,402.56",,,$600,Allen Lazard,295,10.7%,15,,,,,,,,,,
Miss,Xavier Legette,235,33.6%,198,198,-37,34%,3.35,$40,-$40.00,"$1,362.56",$13,-$13.24,$587,Xavier Legette,235,3.7%,15,,,,,,,,,,
Hit,Terry McLaurin,120,62.1%,-164,-150,-270,60%,2.20,$40,$48.00,"$1,410.56",$67,$80.00,$667,Terry McLaurin,120,14.5%,15,,,,,,,,,,
Miss,Jaxon Smith-Njigba,200,34.0%,194,194,-6,34%,3.00,$40,-$40.00,"$1,370.56",$3,-$2.54,$665,Jaxon Smith-Njigba,200,0.7%,15,,,,,,,,,,
Hit,Jalen Tolbert,600,22.5%,345,345,-255,22%,7.00,$40,$240.00,"$1,610.56",$24,$143.03,$808,Jalen Tolbert,600,8.2%,15,,,,,,,,,,
Hit,Nico Collins,135,65.3%,-188,-150,-285,60%,2.35,$40,$54.00,"$1,664.56",$76,$102.50,$910,Nico Collins,135,17.4%,15,,,,,,,,,,
Hit,DeVonta Smith,180,38.8%,158,158,-22,39%,2.80,$40,$72.00,"$1,736.56",$12,$21.46,$932,DeVonta Smith,180,3.1%,15,,,,,,,,,,
Miss,Andrei Iosivas,390,29.0%,245,245,-145,29%,4.90,$40,-$40.00,"$1,696.56",$27,-$26.91,$905,Andrei Iosivas,390,8.6%,15,,,,,,,,,,
Hit,Ladd McConkey,160,55.7%,-126,-126,-286,56%,2.60,$40,$64.00,"$1,760.56",$70,$111.90,"$1,017",Ladd McConkey,160,17.2%,15,,,,,,,,,,
Hit,Malik Nabers,215,46.2%,117,117,-98,46%,3.15,$40,$86.00,"$1,846.56",$53,$113.57,"$1,130",Malik Nabers,215,14.4%,15,,,,,,,,,,
Miss,Ja'Tavion Sanders,475,18.1%,453,453,-22,18%,5.75,$40,-$40.00,"$1,806.56",$2,-$2.12,"$1,128",Ja'Tavion Sanders,475,0.7%,15,,,,,,,,,,
Miss,D.J. Moore,220,49.1%,103,103,-117,49%,3.20,$40,-$40.00,"$1,766.56",$65,-$65.49,"$1,063",D.J. Moore,220,18.0%,15,,,,,,,,,,
Hit,Keenan Allen,300,37.4%,167,167,-133,37%,4.00,$40,$120.00,"$1,886.56",$42,$124.53,"$1,187",Keenan Allen,300,12.5%,15,,,,,,,,,,
Hit,Justin Jefferson,105,56.0%,-127,-127,-232,56%,2.05,$40,$42.00,"$1,928.56",$35,$36.73,"$1,224",Justin Jefferson,105,7.2%,15,,,,,,,,,,
Miss,Jordan Addison,160,68.7%,-219,-150,-310,60%,2.60,$40,-$40.00,"$1,888.56",$88,-$87.50,"$1,136",Jordan Addison,160,21.5%,15,,,,,,,,,,
Miss,Cole Kmet,420,26.7%,273,273,-147,27%,5.20,$40,-$40.00,"$1,848.56",$23,-$23.46,"$1,113",Cole Kmet,420,7.6%,15,,,,,,,,,,
Hit,Brian Thomas,170,45.4%,120,120,-50,45%,2.70,$40,$68.00,"$1,916.56",$33,$56.82,"$1,170",Brian Thomas,170,8.4%,15,,,,,,,,,,
Miss,Ladd McConkey,140,60.0%,-150,-150,-290,60%,2.40,$40,-$40.00,"$1,876.56",$79,-$78.57,"$1,091",Ladd McConkey,140,18.3%,16,,,,,,,,,,
Miss,Courtland Sutton,165,44.5%,125,125,-40,44%,2.65,$40,-$40.00,"$1,836.56",$27,-$26.94,"$1,064",Courtland Sutton,165,6.7%,16,,,,,,,,,,
Hit,Isaiah Likely,380,21.0%,377,377,-3,21%,4.80,$40,$152.00,"$1,988.56",$0,$1.57,"$1,066",Isaiah Likely,380,0.1%,16,,,,,,,,,,
Miss,Travis Kelce,180,56.0%,-130,-130,-310,57%,2.80,$40,-$40.00,"$1,948.56",$81,-$80.92,$985,Travis Kelce,180,20.8%,16,,,,,,,,,,
Miss,Nico Collins,155,77.0%,-327,-150,-305,60%,2.55,$40,-$40.00,"$1,908.56",$85,-$85.48,$899,Nico Collins,155,20.8%,16,,,,,,,,,,
Hit,Ja'Marr Chase,-155,84.0%,-527,-150,5,60%,1.65,$40,$25.81,"$1,934.37",$0,$0.00,$899,Ja'Marr Chase,-155,-0.8%,16,,,,,,,,,,
Hit,Amon-Ra St. Brown,110,84.8%,-558,-150,-260,60%,2.10,$40,$44.00,"$1,978.37",$59,$65.00,$964,Amon-Ra St. Brown,110,12.4%,16,,,,,,,,,,
Void,Drake London,115,47.3%,111,111,-4,47%,2.15,$0,$0.00,"$1,978.37",,,$964,Drake London,115,0.8%,16,,,,,,,,,,
Miss,Garrett Wilson,145,54.4%,-119,-119,-264,54%,2.45,$40,-$40.00,"$1,938.37",$57,-$57.44,$907,Garrett Wilson,145,13.6%,16,,,,,,,,,,
Hit,Justin Jefferson,120,61.8%,-162,-150,-270,60%,2.20,$40,$48.00,"$1,986.37",$67,$80.00,$987,Justin Jefferson,120,14.5%,16,,,,,,,,,,
Void,Davante Adams,130,76.5%,-326,-150,-280,60%,2.30,$0,$0.00,"$1,986.37",,,$987,Davante Adams,130,16.5%,16,,,,,,,,,,
Hit,Davante Adams,130,89.1%,-820,-150,-280,60%,2.30,$40,$52.00,"$2,038.37",$73,$95.00,"$1,082",Davante Adams,130,16.5%,16,,,,,,,,,,
Hit,Tee Higgins,145,58.8%,-143,-143,-288,59%,2.45,$40,$58.00,"$2,096.37",$76,$110.36,"$1,192",Tee Higgins,145,18.0%,16,,,,,,,,,,
Miss,George Kittle,165,80.4%,-409,-150,-315,60%,2.65,$40,-$40.00,"$2,056.37",$89,-$89.39,"$1,103",George Kittle,165,22.3%,16,,,,,,,,,,
Miss,D.J. Moore,175,44.9%,123,123,-52,45%,2.75,$40,-$40.00,"$2,016.37",$34,-$33.54,"$1,069",D.J. Moore,175,8.5%,16,,,,,,,,,,
Miss,Zach Ertz,330,23.7%,322,322,-8,24%,4.30,$40,-$40.00,"$1,976.37",$1,-$1.42,"$1,068",Zach Ertz,330,0.4%,16,,,,,,,,,,
Miss,Jauan Jennings,175,43.9%,128,128,-47,44%,2.75,$40,-$40.00,"$1,936.37",$30,-$29.80,"$1,038",Jauan Jennings,175,7.6%,16,,,,,,,,,,
Hit,Jordan Addison,165,63.8%,-176,-150,-315,60%,2.65,$40,$66.00,"$2,002.37",$89,$147.50,"$1,186",Jordan Addison,165,22.3%,16,,,,,,,,,,
Hit,Hunter Henry,370,32.5%,208,208,-162,32%,4.70,$40,$148.00,"$2,150.37",$36,$131.54,"$1,317",Hunter Henry,370,11.2%,16,,,,,,,,,,
Miss,Jonnu Smith,200,49.5%,102,102,-98,50%,3.00,$40,-$40.00,"$2,110.37",$61,-$60.63,"$1,256",Jonnu Smith,200,16.2%,16,,,,,,,,,,
Hit,Keenan Allen,175,37.1%,170,170,-5,37%,2.75,$40,$70.00,"$2,180.37",$3,$4.89,"$1,261",Keenan Allen,175,0.7%,16,,,,,,,,,,
Hit,Terry McLaurin,170,65.9%,-193,-150,-320,60%,2.70,$40,$68.00,"$2,248.37",$91,$155.00,"$1,416",Terry McLaurin,170,23.0%,16,,,,,,,,,,
Miss,Wan'Dale Robinson,400,27.8%,260,260,-140,28%,5.00,$40,-$40.00,"$2,208.37",$24,-$24.24,"$1,392",Wan'Dale Robinson,400,7.8%,16,,,,,,,,,,
Hit,Jaxon Smith-Njigba,195,35.9%,179,179,-16,36%,2.95,$40,$78.00,"$2,286.37",$8,$14.73,"$1,407",Jaxon Smith-Njigba,195,2.0%,16,,,,,,,,,,
Miss,David Njoku,235,33.4%,199,199,-36,33%,3.35,$40,-$40.00,"$2,246.37",$13,-$12.75,"$1,394",David Njoku,235,3.6%,16,,,,,,,,,,
Hit,Jalen Tolbert,450,20.7%,382,382,-68,21%,5.50,$40,$180.00,"$2,426.37",$8,$34.98,"$1,429",Jalen Tolbert,450,2.5%,16,,,,,,,,,,
Miss,Mike Evans,-105,53.7%,-116,-116,-11,54%,1.95,$40,-$40.00,"$2,386.37",$12,-$12.46,"$1,417",Mike Evans,-105,2.4%,16,,,,,,,,,,
Miss,Cooper Kupp,140,55.7%,-126,-126,-266,56%,2.40,$40,-$40.00,"$2,346.37",$60,-$60.24,"$1,356",Cooper Kupp,140,14.1%,16,,,,,,,,,,
Void,Allen Lazard,500,29.7%,237,237,-263,30%,6.00,$0,$0.00,"$2,346.37",,,"$1,356",Allen Lazard,500,13.0%,16,,,,,,,,,,
Miss,Demarcus Robinson,360,29.0%,245,245,-115,29%,4.60,$40,-$40.00,"$2,306.37",$23,-$23.20,"$1,333",Demarcus Robinson,360,7.3%,16,,,,,,,,,,
Miss,DeVonta Smith,165,48.0%,108,108,-57,48%,2.65,$40,-$40.00,"$2,266.37",$41,-$41.30,"$1,292",DeVonta Smith,165,10.3%,16,,,,,,,,,,
Miss,Malik Nabers,150,47.0%,113,113,-37,47%,2.50,$40,-$40.00,"$2,226.37",$29,-$29.14,"$1,263",Malik Nabers,150,7.0%,16,,,,,,,,,,
Hit,Nick Westbrook-Ikhine,380,22.2%,350,350,-30,22%,4.80,$40,$152.00,"$2,378.37",$4,$16.57,"$1,279",Nick Westbrook-Ikhine,380,1.4%,16,,,,,,,,,,
Hit,Andrei Iosivas,370,25.3%,295,295,-75,25%,4.70,$40,$148.00,"$2,526.37",$13,$47.67,"$1,327",Andrei Iosivas,370,4.1%,16,,,,,,,,,,
Miss,Jalen Nailor,600,18.4%,443,443,-157,18%,7.00,$40,-$40.00,"$2,486.37",$12,-$12.02,"$1,315",Jalen Nailor,600,4.1%,16,,,,,,,,,,
Hit,A.J. Brown,130,47.5%,110,110,-20,48%,2.30,$40,$52.00,"$2,538.37",$18,$23.39,"$1,338",A.J. Brown,130,4.1%,16,,,,,,,,,,
Miss,Josh Oliver,850,12.5%,701,701,-149,12%,9.50,$40,-$40.00,"$2,498.37",$5,-$5.46,"$1,333",Josh Oliver,850,2.0%,16,,,,,,,,,,
Hit,Brian Thomas,175,53.3%,-114,-114,-289,53%,2.75,$40,$70.00,"$2,568.37",$66,$116.24,"$1,449",Brian Thomas,175,16.9%,16,,,,,,,,,,
Miss,Ja'Marr Chase,-150,82.8%,-480,-150,0,60%,1.67,$40,-$40.00,"$2,528.37",$0,$0.00,"$1,449",Ja'Marr Chase,-150,0.0%,17,,22.3%,Davante Adams,,,,,,,
Miss,Drake London,140,44.8%,123,123,-17,45%,2.40,$40,-$40.00,"$2,488.37",$13,-$13.28,"$1,436",Drake London,140,3.1%,,,21.5%,Jordan Addison,,,,,,,
Hit,Travis Kelce,175,54.0%,-118,-118,-293,54%,2.75,$40,$70.00,"$2,558.37",$69,$121.56,"$1,557",Travis Kelce,175,17.7%,,,18.3%,George Kittle,,,,,,,
Miss,Davante Adams,165,86.4%,-636,-150,-315,60%,2.65,$40,-$40.00,"$2,518.37",$89,-$89.39,"$1,468",Davante Adams,165,22.3%,,,17.7%,Travis Kelce,,,,,,,
Miss,Justin Jefferson,100,68.6%,-219,-150,-250,60%,2.00,$40,-$40.00,"$2,478.37",$50,-$50.00,"$1,418",Justin Jefferson,100,10.0%,,,17.1%,Garrett Wilson,,,,,,,
Miss,D.J. Moore,225,44.4%,125,125,-100,44%,3.25,$40,-$40.00,"$2,438.37",$49,-$49.33,"$1,369",D.J. Moore,225,13.7%,,,16.5%,Nico Collins,,,,,,,
Hit,Garrett Wilson,190,51.6%,-107,-107,-297,52%,2.90,$40,$76.00,"$2,514.37",$65,$124.28,"$1,493",Garrett Wilson,190,17.1%,,,16.5%,A.J. Brown,,,,,,,
Hit,Tee Higgins,120,63.6%,-175,-150,-270,60%,2.20,$40,$48.00,"$2,562.37",$67,$80.00,"$1,573",Tee Higgins,120,14.5%,,,16.4%,Jonnu Smith,,,,,,,
Miss,Hunter Henry,320,37.5%,167,167,-153,38%,4.20,$40,-$40.00,"$2,522.37",$45,-$44.93,"$1,528",Hunter Henry,320,13.7%,,,14.5%,Ladd McConkey,,,,,,,
Hit,Wan'Dale Robinson,350,27.9%,258,258,-92,28%,4.50,$40,$140.00,"$2,662.37",$18,$64.11,"$1,592",Wan'Dale Robinson,350,5.7%,,,14.5%,Tee Higgins,,,,,,,
Hit,Jordan Addison,160,68.4%,-216,-150,-310,60%,2.60,$40,$64.00,"$2,726.37",$88,$140.00,"$1,732",Jordan Addison,160,21.5%,,,13.7%,Hunter Henry,,,,,,,
Miss,Keenan Allen,210,40.4%,148,148,-62,40%,3.10,$40,-$40.00,"$2,686.37",$30,-$29.88,"$1,702",Keenan Allen,210,8.1%,,,13.7%,D.J. Moore,,,,,,,
Void,Jonnu Smith,205,49.2%,103,103,-102,49%,3.05,$0,$0.00,"$2,686.37",,,"$1,702",Jonnu Smith,205,16.4%,,,12.4%,Terry McLaurin,,,,,,,
Miss,Nico Collins,130,73.1%,-272,-150,-280,60%,2.30,$40,-$40.00,"$2,646.37",$73,-$73.08,"$1,629",Nico Collins,130,16.5%,,,12.4%,Amon-Ra St. Brown,,,,,,,
Miss,Terry McLaurin,110,65.5%,-189,-150,-260,60%,2.10,$40,-$40.00,"$2,606.37",$59,-$59.09,"$1,570",Terry McLaurin,110,12.4%,,,10.6%,DeVonta Smith,,,,,,,
Hit,Jalen Tolbert,500,24.1%,315,315,-185,24%,6.00,$40,$200.00,"$2,806.37",$22,$111.43,"$1,682",Jalen Tolbert,500,7.4%,,,10.0%,Justin Jefferson,,,,,,,
Void,Allen Lazard,360,26.0%,285,285,-75,26%,4.60,$0,$0.00,"$2,806.37",,,"$1,682",Allen Lazard,360,4.2%,,,9.8%,Malik Nabers,,,,,,,
Miss,DeAndre Hopkins,260,28.1%,256,256,-4,28%,3.60,$40,-$40.00,"$2,766.37",$1,-$1.08,"$1,680",DeAndre Hopkins,260,0.3%,,,8.6%,Andrei Iosivas,,,,,,,
Miss,Cooper Kupp,130,51.3%,-105,-105,-235,51%,2.30,$40,-$40.00,"$2,726.37",$35,-$34.59,"$1,646",Cooper Kupp,130,7.8%,,,8.1%,Keenan Allen,,,,,,,
Hit,Malik Nabers,175,46.2%,117,117,-58,46%,2.75,$40,$70.00,"$2,796.37",$39,$67.40,"$1,713",Malik Nabers,175,9.8%,,,7.8%,Cooper Kupp,,,,,,,
Miss,Demarcus Robinson,330,27.4%,265,265,-65,27%,4.30,$40,-$40.00,"$2,756.37",$13,-$13.38,"$1,700",Demarcus Robinson,330,4.1%,,,7.5%,Foster Moreau,,,,,,,
Hit,A.J. Brown,130,64.4%,-181,-150,-280,60%,2.30,$40,$52.00,"$2,808.37",$73,$95.00,"$1,795",A.J. Brown,130,16.5%,,,7.4%,Jalen Tolbert,,,,,,,
Hit,DeVonta Smith,180,46.3%,116,116,-64,46%,2.80,$40,$72.00,"$2,880.37",$41,$74.05,"$1,869",DeVonta Smith,180,10.6%,,,5.7%,Wan'Dale Robinson,,,,,,,
Miss,Nick Westbrook-Ikhine,295,26.5%,278,278,-17,26%,3.95,$40,-$40.00,"$2,840.37",$4,-$3.82,"$1,865",Nick Westbrook-Ikhine,295,1.1%,,,4.7%,Cole Kmet,,,,,,,
Miss,Andrei Iosivas,330,31.8%,214,214,-116,32%,4.30,$40,-$40.00,"$2,800.37",$28,-$27.89,"$1,837",Andrei Iosivas,330,8.6%,,,4.2%,Allen Lazard,,,,,,,
Miss,Van Jefferson,550,17.2%,480,480,-70,17%,6.50,$40,-$40.00,"$2,760.37",$5,-$5.50,"$1,832",Van Jefferson,550,1.9%,,,4.1%,Demarcus Robinson,,,,,,,
Miss,Cole Kmet,320,28.5%,250,250,-70,29%,4.20,$40,-$40.00,"$2,720.37",$16,-$15.53,"$1,816",Cole Kmet,320,4.7%,,,3.1%,Drake London,,,,,,,
Hit,Foster Moreau,750,19.3%,418,418,-332,19%,8.50,$40,$300.00,"$3,020.37",$21,$160.27,"$1,976",Foster Moreau,750,7.5%,,,1.9%,Van Jefferson,,,,,,,
Miss,Noah Gray,370,22.0%,354,354,-16,22%,4.70,$40,-$40.00,"$2,980.37",$2,-$2.35,"$1,974",Noah Gray,370,0.7%,,,1.1%,Nick Westbrook-Ikhine,,,,,,,
Hit,Ladd McConkey,120,61.4%,-159,-150,-270,60%,2.20,$40,$48.00,"$3,028.37",$67,$80.00,"$2,054",Ladd McConkey,120,14.5%,,,0.7%,Noah Gray,,,,,,,
Miss,Blake Whiteheart,1300,7.2%,1286,1286,-14,7%,14.00,$40,-$40.00,"$2,988.37",$0,-$0.19,"$2,054",Blake Whiteheart,1300,0.1%,,,0.3%,DeAndre Hopkins,,,,,,,
Hit,Amon-Ra St. Brown,110,87.6%,-706,-150,-260,60%,2.10,$40,$44.00,"$3,032.37",$59,$65.00,"$2,119",Amon-Ra St. Brown,110,12.4%,,,0.1%,Blake Whiteheart,,,,,,,
Miss,George Kittle,140,80.8%,-420,-150,-290,60%,2.40,$40,-$40.00,"$2,992.37",$79,-$78.57,"$2,040",George Kittle,140,18.3%,,,0.0%,Ja'Marr Chase,,,,,,,
Miss,Jauan Jennings,195,41.0%,144,144,-51,41%,2.95,$40,-$40.00,"$2,952.37",$27,-$26.80,"$2,014",Jauan Jennings,195,7.1%,,,,,,,,,,,
Miss,Brock Wright,900,10.6%,845,845,-55,11%,10.00,$40,-$40.00,"$2,912.37",$2,-$1.62,"$2,012",Brock Wright,900,0.6%,,,,,,,,,,,
Hit,Ja'Marr Chase,-140,81.6%,-444,-150,-10,60%,1.71,$40,$28.57,"$2,940.94",$10,$7.14,"$2,019",Ja'Marr Chase,-140,1.7%,,,,,,,,,,,
Miss,Tee Higgins,185,78.7%,-369,-150,-335,60%,2.85,$40,-$40.00,"$2,900.94",$96,-$95.95,"$1,923",Tee Higgins,185,24.9%,,,,,,,,,,,
Miss,Garrett Wilson,205,56.5%,-130,-130,-335,56%,3.05,$40,-$40.00,"$2,860.94",$88,-$88.20,"$1,835",Garrett Wilson,205,23.7%,,,,,,,,,,,
Hit,Davante Adams,145,81.7%,-448,-150,-295,60%,2.45,$40,$58.00,"$2,918.94",$81,$117.50,"$1,952",Davante Adams,145,19.2%,,,,,,,,,,,
Hit,D.J. Moore,290,42.4%,136,136,-154,42%,3.90,$40,$116.00,"$3,034.94",$56,$163.55,"$2,116",D.J. Moore,290,16.8%,,,,,,,,,,,
Void,George Kittle,145,80.5%,-413,-150,-295,60%,2.45,$0,$0.00,"$3,034.94",,,"$2,116",George Kittle,145,19.2%,,,,,,,,,,,
Miss,Tyreek Hill,160,45.1%,122,122,-38,45%,2.60,$40,-$40.00,"$2,994.94",$27,-$27.15,"$2,089",Tyreek Hill,160,6.7%,,,,,,,,,,,
Void,Xavier Worthy,500,27.0%,270,270,-230,27%,6.00,$0,$0.00,"$2,994.94",,,"$2,089",Xavier Worthy,500,10.4%,,,,,,,,,,,
Miss,Wan'Dale Robinson,390,33.4%,200,200,-190,33%,4.90,$40,-$40.00,"$2,954.94",$41,-$40.71,"$2,048",Wan'Dale Robinson,390,13.0%,,,,,,,,,,,
Miss,Keenan Allen,275,37.4%,168,168,-107,37%,3.75,$40,-$40.00,"$2,914.94",$36,-$36.50,"$2,012",Keenan Allen,275,10.7%,,,,,,,,,,,
Hit,Jonnu Smith,200,53.7%,-116,-116,-316,54%,3.00,$40,$80.00,"$2,994.94",$77,$153.01,"$2,165",Jonnu Smith,200,20.4%,,,,,,,,,,,
Miss,Mike Evans,-170,68.4%,-217,-150,20,60%,1.59,$40,-$40.00,"$2,954.94",$0,$0.00,"$2,165",Mike Evans,-170,-3.0%,,,,,,,,,,,
Miss,Isaiah Likely,295,28.3%,253,253,-42,28%,3.95,$40,-$40.00,"$2,914.94",$10,-$10.04,"$2,155",Isaiah Likely,295,3.0%,,,,,,,,,,,
Hit,Terry McLaurin,100,62.6%,-167,-150,-250,60%,2.00,$40,$40.00,"$2,954.94",$50,$50.00,"$2,205",Terry McLaurin,100,10.0%,,,,,,,,,,,
Miss,Jalen Tolbert,330,28.1%,256,256,-74,28%,4.30,$40,-$40.00,"$2,914.94",$16,-$15.84,"$2,189",Jalen Tolbert,330,4.9%,,,,,,,,,,,
Void,Nico Collins,185,70.0%,-234,-150,-335,60%,2.85,$0,$0.00,"$2,914.94",,,"$2,189",Nico Collins,185,24.9%,,,,,,,,,,,
Hit,Pat Freiermuth,310,24.9%,301,301,-9,25%,4.10,$40,$124.00,"$3,038.94",$2,$5.59,"$2,194",Pat Freiermuth,310,0.5%,,,,,,,,,,,
Void,DeAndre Hopkins,340,43.9%,128,128,-212,44%,4.40,$0,$0.00,"$3,038.94",,,"$2,194",DeAndre Hopkins,340,21.2%,,,,,,,,,,,
Void,Jerry Jeudy,285,30.0%,233,233,-52,30%,3.85,$0,$0.00,"$3,038.94",,,"$2,194",Jerry Jeudy,285,4.0%,,,,,,,,,,,
Hit,Malik Nabers,185,50.9%,-104,-104,-289,51%,2.85,$40,$74.00,"$3,112.94",$61,$112.98,"$2,307",Malik Nabers,185,15.9%,,,,,,,,,,,
Miss,Demarcus Robinson,400,25.5%,292,292,-108,26%,5.00,$40,-$40.00,"$3,072.94",$17,-$17.25,"$2,290",Demarcus Robinson,400,5.5%,,,,,,,,,,,
Miss,Andrei Iosivas,290,32.3%,210,210,-80,32%,3.90,$40,-$40.00,"$3,032.94",$22,-$22.23,"$2,268",Andrei Iosivas,290,6.6%,,,,,,,,,,,
Void,Noah Gray,400,20.9%,377,377,-23,21%,5.00,$0,$0.00,"$3,032.94",,,"$2,268",Noah Gray,400,0.9%,,,,,,,,,,,
Miss,Cole Kmet,425,26.9%,272,272,-153,27%,5.25,$40,-$40.00,"$2,992.94",$24,-$24.26,"$2,244",Cole Kmet,425,7.9%,,,,,,,,,,,
Miss,Foster Moreau,550,19.4%,415,415,-135,19%,6.50,$40,-$40.00,"$2,952.94",$12,-$11.91,"$2,232",Foster Moreau,550,4.0%,,,,,,,,,,,
Hit,Alec Pierce,295,29.7%,237,237,-58,30%,3.95,$40,$118.00,"$3,070.94",$15,$42.84,"$2,275",Alec Pierce,295,4.3%,,,,,,,,,,,
Miss,Tanner Hudson,1000,13.0%,668,668,-332,13%,11.00,$40,-$40.00,"$3,030.94",$11,-$10.80,"$2,264",Tanner Hudson,1000,3.9%,,,,,,,,,,,
Miss,Brian Thomas,125,56.0%,-127,-127,-252,56%,2.25,$40,-$40.00,"$2,990.94",$52,-$51.76,"$2,212",Brian Thomas,125,11.5%,,,,,,,,,,,
Hit,Courtland Sutton,125,47.0%,113,113,-12,47%,2.25,$40,$50.00,"$3,040.94",$11,$14.08,"$2,226",Courtland Sutton,125,2.5%,,,,,,,,,,,
Miss,Ladd McConkey,120,69.0%,-224,-150,-270,60%,2.20,$40,-$40.00,"$3,000.94",$67,-$66.67,"$2,159",Ladd McConkey,120,14.5%,,,,,,,,,,,
Hit,Trey McBride,120,46.0%,119,119,-1,46%,2.20,$40,$48.00,"$3,048.94",$1,$1.14,"$2,161",Trey McBride,120,0.2%,,,,,,,,,,,
Hit,Brock Bowers,210,35.0%,186,186,-24,35%,3.10,$40,$84.00,"$3,132.94",$10,$20.98,"$2,182",Brock Bowers,210,2.7%,,,,,,,,,,,
Hit,Jakobi Meyers,220,32.0%,211,211,-9,32%,3.20,$40,$88.00,"$3,220.94",$3,$7.23,"$2,189",Jakobi Meyers,220,0.9%,,,,,,,,,,,
Miss,Sam Laporta,170,37.0%,167,167,-3,37%,2.70,$40,-$40.00,"$3,180.94",$2,-$1.65,"$2,187",Sam Laporta,170,0.4%,,,,,,,,,,,
Miss,Jordan Addison,125,75.0%,-296,-150,-275,60%,2.25,$40,-$40.00,"$3,140.94",$70,-$70.00,"$2,117",Jordan Addison,125,15.6%,,,,,,,,,,,
Miss,Justin Jefferson,-130,68.0%,-211,-150,-20,60%,1.77,$40,-$40.00,"$3,100.94",$20,-$20.00,"$2,097",Justin Jefferson,-130,3.5%,,,,,,,,,,,
Miss,Amon-Ra St. Brown,-110,89.0%,-848,-150,-40,60%,1.91,$40,-$40.00,"$3,060.94",$40,-$40.00,"$2,057",Amon-Ra St. Brown,-110,7.6%,,,,,,,,,,,
Miss,Justin Jefferson,-110,66.0%,-194,-150,-40,60%,1.91,$40,-$40.00,"$3,020.94",$40,-$40.00,"$2,017",Justin Jefferson,-110,7.6%,,,,,,,,,,,
Miss,Zach Ertz,255,33.5%,198,198,-57,34%,3.55,$40,-$40.00,"$2,980.94",$19,-$18.61,"$1,998",Zach Ertz,255,5.3%,,,,,,,,,,,
Miss,Courtland Sutton,155,52.6%,-111,-111,-266,53%,2.55,$40,-$40.00,"$2,940.94",$55,-$54.97,"$1,944",Courtland Sutton,155,13.4%,,,,,,,,,,,
Miss,Jordan Addison,140,66.6%,-200,-150,-290,60%,2.40,$40,-$40.00,"$2,900.94",$79,-$78.57,"$1,865",Jordan Addison,140,18.3%,,,,,,,,,,,
Hit,Mike Evans,105,66.6%,-200,-150,-255,60%,2.05,$40,$42.00,"$2,942.94",$55,$57.50,"$1,922",Mike Evans,105,11.2%,,,,,,,,,,,
Hit,Terry McLaurin,115,66.2%,-196,-150,-265,60%,2.15,$40,$46.00,"$2,988.94",$63,$72.50,"$1,995",Terry McLaurin,115,13.5%,,,,,,,,,,,
Void,Cade Otton,290,31.2%,220,220,-70,31%,3.90,$0,$0.00,"$2,988.94",,,"$1,995",Cade Otton,290,5.6%,,,,,,,,,,,
Hit,Nico Collins,140,73.5%,-278,-150,-290,60%,2.40,$40,$56.00,"$3,044.94",$79,$110.00,"$2,105",Nico Collins,140,18.3%,,,,,,,,,,,
Miss,Demarcus Robinson,360,24.6%,306,306,-54,25%,4.60,$40,-$40.00,"$3,004.94",$9,-$9.21,"$2,096",Demarcus Robinson,360,2.9%,,,,,,,,,,,
Miss,DeVonta Smith,160,49.7%,101,101,-59,50%,2.60,$40,-$40.00,"$2,964.94",$46,-$45.61,"$2,050",DeVonta Smith,160,11.2%,,,,,,,,,,,
Miss,Cooper Kupp,145,48.5%,106,106,-39,49%,2.45,$40,-$40.00,"$2,924.94",$32,-$32.49,"$2,018",Cooper Kupp,145,7.7%,,,,,,,,,,,
Miss,A.J. Brown,120,64.6%,-183,-150,-270,60%,2.20,$40,-$40.00,"$2,884.94",$67,-$66.67,"$1,951",A.J. Brown,120,14.5%,,,,,,,,,,,
Hit,Ladd McConkey,145,69.0%,-223,-150,-295,60%,2.45,$40,$58.00,"$2,942.94",$81,$117.50,"$2,068",Ladd McConkey,145,19.2%,,,,,,,,,,,
Miss,Jalen Nailor,500,18.3%,446,446,-54,18%,6.00,$40,-$40.00,"$2,902.94",$5,-$4.95,"$2,064",Jalen Nailor,500,1.6%,,,,,,,,,,,
Miss,Devaughn Vele,475,24.1%,315,315,-160,24%,5.75,$40,-$40.00,"$2,862.94",$20,-$20.21,"$2,043",Devaughn Vele,475,6.7%,,,,,,,,,,,
Void,Amari Cooper,380,25.7%,290,290,-90,26%,4.80,$0,$0.00,"$2,862.94",,,"$2,043",Amari Cooper,380,4.8%,,,,,,,,,,,
Miss,Malik Heath,1400,8.9%,1021,1021,-379,9%,15.00,$40,-$40.00,"$2,822.94",$6,-$6.05,"$2,037",Malik Heath,1400,2.3%,,,,,,,,,,,
Pending,,,,,,,,,,,"$2,822.94",,,"$2,037",,,,,,,,,,,,,,
Pending,,,,,,,,,,,"$2,822.94",,,"$2,037",,,,,,,,,,,,,,
Pending,,,,,,,,,,,"$2,822.94",,,"$2,037",,,,,,,,,,,,,,
Pending,,,,,,,,,,,"$2,822.94",,,"$2,037",,,,,,,,,,,,,,
Pending,,,,,,,,,,,"$2,822.94",,,"$2,037",,,,,,,,,,,,,,
Pending,,,,,,,,,,,"$2,822.94",,,"$2,037",,,,,,,,,,,,,,
Pending,,,,,,,,,,,"$2,822.94",,,"$2,037",,,,,,,,,,,,,,
Pending,,,,,,,,,,,"$2,822.94",,,"$2,037",,,,,,,,,,,,,,
Pending,,,,,,,,,,,"$2,822.94",,,"$2,037",,,,,,,,,,,,,,
Pending,,,,,,,,,,,"$2,822.94",,,"$2,037",,,,,,,,,,,,,,
Pending,,,,,,,,,,,"$2,822.94",,,"$2,037",,,,,,,,,,,,,,
Pending,,,,,,,,,,,"$2,822.94",,,"$2,037",,,,,,,,,,,,,,
Pending,,,,,,,,,,,"$2,822.94",,,"$2,037",,,,,,,,,,,,,,
Pending,,,,,,,,,,,"$2,822.94",,,"$2,037",,,,,,,,,,,,,,
Pending,,,,,,,,,,,"$2,822.94",,,"$2,037",,,,,,,,,,,,,,
Pending,,,,,,,,,,,"$2,822.94",,,"$2,037",,,,,,,,,,,,,,
Pending,,,,,,,,,,,"$2,822.94",,,"$2,037",,,,,,,,,,,,,,
Pending,,,,,,,,,,,"$2,822.94",,,"$2,037",,,,,,,,,,,,,,
Pending,,,,,,,,,,,"$2,822.94",,,"$2,037",,,,,,,,,,,,,,
Pending,,,,,,,,,,,"$2,822.94",,,"$2,037",,,,,,,,,,,,,,
Pending,,,,,,,,,,,"$2,822.94",,,"$2,037",,,,,,,,,,,,,,
Pending,,,,,,,,,,,"$2,822.94",,,"$2,037",,,,,,,,,,,,,,
Pending,,,,,,,,,,,"$2,822.94",,,"$2,037",,,,,,,,,,,,,,
Pending,,,,,,,,,,,"$2,822.94",,,"$2,037",,,,,,,,,,,,,,
Pending,,,,,,,,,,,"$2,822.94",,,"$2,037",,,,,,,,,,,,,,
Pending,,,,,,,,,,,"$2,822.94",,,"$2,037",,,,,,,,,,,,,,
Pending,,,,,,,,,,,"$2,822.94",,,"$2,037",,,,,,,,,,,,,,
Pending,,,,,,,,,,,"$2,822.94",,,"$2,037",,,,,,,,,,,,,,
Pending,,,,,,,,,,,"$2,822.94",,,"$2,037",,,,,,,,,,,,,,
Pending,,,,,,,,,,,"$2,822.94",,,"$2,037",,,,,,,,,,,,,,
Pending,,,,,,,,,,,"$2,822.94",,,"$2,037",,,,,,,,,,,,,,
Pending,,,,,,,,,,,"$2,822.94",,,"$2,037",,,,,,,,,,,,,,
Pending,,,,,,,,,,,"$2,822.94",,,"$2,037",,,,,,,,,,,,,,
Pending,,,,,,,,,,,"$2,822.94",,,"$2,037",,,,,,,,,,,,,,
Pending,,,,,,,,,,,"$2,822.94",,,"$2,037",,,,,,,,,,,,,,
Pending,,,,,,,,,,,"$2,822.94",,,"$2,037",,,,,,,,,,,,,,
Pending,,,,,,,,,,,"$2,822.94",,,"$2,037",,,,,,,,,,,,,,
Pending,,,,,,,,,,,"$2,822.94",,,"$2,037",,,,,,,,,,,,,,
Pending,,,,,,,,,,,"$2,822.94",,,"$2,037",,,,,,,,,,,,,,
Pending,,,,,,,,,,,"$2,822.94",,,"$2,037",,,,,,,,,,,,,,
Pending,,,,,,,,,,,"$2,822.94",,,"$2,037",,,,,,,,,,,,,,
Pending,,,,,,,,,,,"$2,822.94",,,"$2,037",,,,,,,,,,,,,,
Pending,,,,,,,,,,,"$2,822.94",,,"$2,037",,,,,,,,,,,,,,
Pending,,,,,,,,,,,"$2,822.94",,,"$2,037",,,,,,,,,,,,,,
Pending,,,,,,,,,,,"$2,822.94",,,"$2,037",,,,,,,,,,,,,,
Pending,,,,,,,,,,,"$2,822.94",,,"$2,037",,,,,,,,,,,,,,
Pending,,,,,,,,,,,"$2,822.94",,,"$2,037",,,,,,,,,,,,,,
Pending,,,,,,,,,,,"$2,822.94",,,"$2,037",,,,,,,,,,,,,,
Pending,,,,,,,,,,,"$2,822.94",,,"$2,037",,,,,,,,,,,,,,
Pending,,,,,,,,,,,"$2,822.94",,,"$2,037",,,,,,,,,,,,,,
Pending,,,,,,,,,,,"$2,822.94",,,"$2,037",,,,,,,,,,,,,,
Pending,,,,,,,,,,,"$2,822.94",,,"$2,037",,,,,,,,,,,,,,
Pending,,,,,,,,,,,"$2,822.94",,,"$2,037",,,,,,,,,,,,,,
Pending,,,,,,,,,,,"$2,822.94",,,"$2,037",,,,,,,,,,,,,,
Pending,,,,,,,,,,,"$2,822.94",,,"$2,037",,,,,,,,,,,,,,
Pending,,,,,,,,,,,"$2,822.94",,,"$2,037",,,,,,,,,,,,,,
Pending,,,,,,,,,,,"$2,822.94",,,"$2,037",,,,,,,,,,,,,,
Pending,,,,,,,,,,,"$2,822.94",,,"$2,037",,,,,,,,,,,,,,
Pending,,,,,,,,,,,"$2,822.94",,,"$2,037",,,,,,,,,,,,,,
Pending,,,,,,,,,,,"$2,822.94",,,"$2,037",,,,,,,,,,,,,,
Pending,,,,,,,,,,,"$2,822.94",,,"$2,037",,,,,,,,,,,,,,
Pending,,,,,,,,,,,"$2,822.94",,,"$2,037",,,,,,,,,,,,,,
Pending,,,,,,,,,,,"$2,822.94",,,"$2,037",,,,,,,,,,,,,,
Pending,,,,,,,,,,,"$2,822.94",,,"$2,037",,,,,,,,,,,,,,
Pending,,,,,,,,,,,"$2,822.94",,,"$2,037",,,,,,,,,,,,,,
Pending,,,,,,,,,,,"$2,822.94",,,"$2,037",,,,,,,,,,,,,,
Pending,,,,,,,,,,,"$2,822.94",,,"$2,037",,,,,,,,,,,,,,
Pending,,,,,,,,,,,"$2,822.94",,,"$2,037",,,,,,,,,,,,,,
Pending,,,,,,,,,,,"$2,822.94",,,"$2,037",,,,,,,,,,,,,,
Pending,,,,,,,,,,,"$2,822.94",,,"$2,037",,,,,,,,,,,,,,
Pending,,,,,,,,,,,"$2,822.94",,,"$2,037",,,,,,,,,,,,,,
Pending,,,,,,,,,,,"$2,822.94",,,"$2,037",,,,,,,,,,,,,,
Pending,,,,,,,,,,,"$2,822.94",,,"$2,037",,,,,,,,,,,,,,
Pending,,,,,,,,,,,"$2,822.94",,,"$2,037",,,,,,,,,,,,,,
Pending,,,,,,,,,,,"$2,822.94",,,"$2,037",,,,,,,,,,,,,,
Pending,,,,,,,,,,,"$2,822.94",,,"$2,037",,,,,,,,,,,,,,
Pending,,,,,,,,,,,"$2,822.94",,,"$2,037",,,,,,,,,,,,,,
Pending,,,,,,,,,,,"$2,822.94",,,"$2,037",,,,,,,,,,,,,,
Pending,,,,,,,,,,,"$2,822.94",,,"$2,037",,,,,,,,,,,,,,
Pending,,,,,,,,,,,"$2,822.94",,,"$2,037",,,,,,,,,,,,,,
Pending,,,,,,,,,,,"$2,822.94",,,"$2,037",,,,,,,,,,,,,,
Pending,,,,,,,,,,,"$2,822.94",,,"$2,037",,,,,,,,,,,,,,
Pending,,,,,,,,,,,"$2,822.94",,,"$2,037",,,,,,,,,,,,,,
Pending,,,,,,,,,,,,,,,,,,,,,,,,,,,,
Pending,,,,,,,,,,,,,,,,,,,,,,,,,,,,
Pending,,,,,,,,,,,,,,,,,,,,,,,,,,,,
Pending,,,,,,,,,,,,,,,,,,,,,,,,,,,,
Pending,,,,,,,,,,,,,,,,,,,,,,,,,,,,
Pending,,,,,,,,,,,,,,,,,,,,,,,,,,,,
Pending,,,,,,,,,,,,,,,,,,,,,,,,,,,,
Pending,,,,,,,,,,,,,,,,,,,,,,,,,,,,
Pending,,,,,,,,,,,,,,,,,,,,,,,,,,,,
Pending,,,,,,,,,,,,,,,,,,,,,,,,,,,,
Pending,,,,,,,,,,,,,,,,,,,,,,,,,,,,
Pending,,,,,,,,,,,,,,,,,,,,,,,,,,,,
Pending,,,,,,,,,,,,,,,,,,,,,,,,,,,,
Pending,,,,,,,,,,,,,,,,,,,,,,,,,,,,
Pending,,,,,,,,,,,,,,,,,,,,,,,,,,,,
Pending,,,,,,,,,,,,,,,,,,,,,,,,,,,,
Pending,,,,,,,,,,,,,,,,,,,,,,,,,,,,
Pending,,,,,,,,,,,,,,,,,,,,,,,,,,,,
Pending,,,,,,,,,,,,,,,,,,,,,,,,,,,,
Pending,,,,,,,,,,,,,,,,,,,,,,,,,,,,
Pending,,,,,,,,,,,,,,,,,,,,,,,,,,,,
Pending,,,,,,,,,,,,,,,,,,,,,,,,,,,,
Pending,,,,,,,,,,,,,,,,,,,,,,,,,,,,
Pending,,,,,,,,,,,,,,,,,,,,,,,,,,,,
Pending,,,,,,,,,,,,,,,,,,,,,,,,,,,,
Pending,,,,,,,,,,,,,,,,,,,,,,,,,,,,
Pending,,,,,,,,,,,,,,,,,,,,,,,,,,,,
Pending,,,,,,,,,,,,,,,,,,,,,,,,,,,,
Pending,,,,,,,,,,,,,,,,,,,,,,,,,,,,
Pending,,,,,,,,,,,,,,,,,,,,,,,,,,,,
Pending,,,,,,,,,,,,,,,,,,,,,,,,,,,,
Pending,,,,,,,,,,,,,,,,,,,,,,,,,,,,
Pending,,,,,,,,,,,,,,,,,,,,,,,,,,,,
Pending,,,,,,,,,,,,,,,,,,,,,,,,,,,,
Pending,,,,,,,,,,,,,,,,,,,,,,,,,,,,
Pending,,,,,,,,,,,,,,,,,,,,,,,,,,,,
Pending,,,,,,,,,,,,,,,,,,,,,,,,,,,,
Pending,,,,,,,,,,,,,,,,,,,,,,,,,,,,
Pending,,,,,,,,,,,,,,,,,,,,,,,,,,,,
Pending,,,,,,,,,,,,,,,,,,,,,,,,,,,,
Pending,,,,,,,,,,,,,,,,,,,,,,,,,,,,
Pending,,,,,,,,,,,,,,,,,,,,,,,,,,,,
Pending,,,,,,,,,,,,,,,,,,,,,,,,,,,,
Pending,,,,,,,,,,,,,,,,,,,,,,,,,,,,
Pending,,,,,,,,,,,,,,,,,,,,,,,,,,,,
Pending,,,,,,,,,,,,,,,,,,,,,,,,,,,,
Pending,,,,,,,,,,,,,,,,,,,,,,,,,,,,
Pending,,,,,,,,,,,,,,,,,,,,,,,,,,,,
Pending,,,,,,,,,,,,,,,,,,,,,,,,,,,,
Pending,,,,,,,,,,,,,,,,,,,,,,,,,,,,
Pending,,,,,,,,,,,,,,,,,,,,,,,,,,,,
Pending,,,,,,,,,,,,,,,,,,,,,,,,,,,,
Pending,,,,,,,,,,,,,,,,,,,,,,,,,,,,
Pending,,,,,,,,,,,,,,,,,,,,,,,,,,,,
Pending,,,,,,,,,,,,,,,,,,,,,,,,,,,,
Pending,,,,,,,,,,,,,,,,,,,,,,,,,,,,
Pending,,,,,,,,,,,,,,,,,,,,,,,,,,,,
Pending,,,,,,,,,,,,,,,,,,,,,,,,,,,,
Pending,,,,,,,,,,,,,,,,,,,,,,,,,,,,
Pending,,,,,,,,,,,,,,,,,,,,,,,,,,,,
Pending,,,,,,,,,,,,,,,,,,,,,,,,,,,,
Pending,,,,,,,,,,,,,,,,,,,,,,,,,,,,
Pending,,,,,,,,,,,,,,,,,,,,,,,,,,,,
Pending,,,,,,,,,,,,,,,,,,,,,,,,,,,,
Pending,,,,,,,,,,,,,,,,,,,,,,,,,,,,
Pending,,,,,,,,,,,,,,,,,,,,,,,,,,,,
Pending,,,,,,,,,,,,,,,,,,,,,,,,,,,,
Pending,,,,,,,,,,,,,,,,,,,,,,,,,,,,
Pending,,,,,,,,,,,,,,,,,,,,,,,,,,,,
Pending,,,,,,,,,,,,,,,,,,,,,,,,,,,,
Pending,,,,,,,,,,,,,,,,,,,,,,,,,,,,
Pending,,,,,,,,,,,,,,,,,,,,,,,,,,,,
Pending,,,,,,,,,,,,,,,,,,,,,,,,,,,,
Pending,,,,,,,,,,,,,,,,,,,,,,,,,,,,
Pending,,,,,,,,,,,,,,,,,,,,,,,,,,,,
Pending,,,,,,,,,,,,,,,,,,,,,,,,,,,,
Pending,,,,,,,,,,,,,,,,,,,,,,,,,,,,
Pending,,,,,,,,,,,,,,,,,,,,,,,,,,,,
Pending,,,,,,,,,,,,,,,,,,,,,,,,,,,,
Pending,,,,,,,,,,,,,,,,,,,,,,,,,,,,
Pending,,,,,,,,,,,,,,,,,,,,,,,,,,,,
Pending,,,,,,,,,,,,,,,,,,,,,,,,,,,,
Pending,,,,,,,,,,,,,,,,,,,,,,,,,,,,
Pending,,,,,,,,,,,,,,,,,,,,,,,,,,,,
Pending,,,,,,,,,,,,,,,,,,,,,,,,,,,,
Pending,,,,,,,,,,,,,,,,,,,,,,,,,,,,
Pending,,,,,,,,,,,,,,,,,,,,,,,,,,,,
Pending,,,,,,,,,,,,,,,,,,,,,,,,,,,,
Pending,,,,,,,,,,,,,,,,,,,,,,,,,,,,
Pending,,,,,,,,,,,,,,,,,,,,,,,,,,,,
Pending,,,,,,,,,,,,,,,,,,,,,,,,,,,,
Pending,,,,,,,,,,,,,,,,,,,,,,,,,,,,
Pending,,,,,,,,,,,,,,,,,,,,,,,,,,,,
Pending,,,,,,,,,,,,,,,,,,,,,,,,,,,,
Pending,,,,,,,,,,,,,,,,,,,,,,,,,,,,
Pending,,,,,,,,,,,,,,,,,,,,,,,,,,,,
Pending,,,,,,,,,,,,,,,,,,,,,,,,,,,,
Pending,,,,,,,,,,,,,,,,,,,,,,,,,,,,
Pending,,,,,,,,,,,,,,,,,,,,,,,,,,,,
Pending,,,,,,,,,,,,,,,,,,,,,,,,,,,,
Pending,,,,,,,,,,,,,,,,,,,,,,,,,,,,
Pending,,,,,,,,,,,,,,,,,,,,,,,,,,,,
Pending,,,,,,,,,,,,,,,,,,,,,,,,,,,,
Pending,,,,,,,,,,,,,,,,,,,,,,,,,,,,
Pending,,,,,,,,,,,,,,,,,,,,,,,,,,,,
Pending,,,,,,,,,,,,,,,,,,,,,,,,,,,,
Pending,,,,,,,,,,,,,,,,,,,,,,,,,,,,
Pending,,,,,,,,,,,,,,,,,,,,,,,,,,,,
Pending,,,,,,,,,,,,,,,,,,,,,,,,,,,,
Pending,,,,,,,,,,,,,,,,,,,,,,,,,,,,
Pending,,,,,,,,,,,,,,,,,,,,,,,,,,,,
Pending,,,,,,,,,,,,,,,,,,,,,,,,,,,,
Pending,,,,,,,,,,,,,,,,,,,,,,,,,,,,
Pending,,,,,,,,,,,,,,,,,,,,,,,,,,,,
Pending,,,,,,,,,,,,,,,,,,,,,,,,,,,,
Pending,,,,,,,,,,,,,,,,,,,,,,,,,,,,
Pending,,,,,,,,,,,,,,,,,,,,,,,,,,,,
Pending,,,,,,,,,,,,,,,,,,,,,,,,,,,,
Pending,,,,,,,,,,,,,,,,,,,,,,,,,,,,
Pending,,,,,,,,,,,,,,,,,,,,,,,,,,,,
Pending,,,,,,,,,,,,,,,,,,,,,,,,,,,,
Pending,,,,,,,,,,,,,,,,,,,,,,,,,,,,
Pending,,,,,,,,,,,,,,,,,,,,,,,,,,,,
Pending,,,,,,,,,,,,,,,,,,,,,,,,,,,,
Pending,,,,,,,,,,,,,,,,,,,,,,,,,,,,
Pending,,,,,,,,,,,,,,,,,,,,,,,,,,,,
Pending,,,,,,,,,,,,,,,,,,,,,,,,,,,,
Pending,,,,,,,,,,,,,,,,,,,,,,,,,,,,
Pending,,,,,,,,,,,,,,,,,,,,,,,,,,,,
Pending,,,,,,,,,,,,,,,,,,,,,,,,,,,,
Pending,,,,,,,,,,,,,,,,,,,,,,,,,,,,
Pending,,,,,,,,,,,,,,,,,,,,,,,,,,,,
Pending,,,,,,,,,,,,,,,,,,,,,,,,,,,,
Pending,,,,,,,,,,,,,,,,,,,,,,,,,,,,
Pending,,,,,,,,,,,,,,,,,,,,,,,,,,,,
Pending,,,,,,,,,,,,,,,,,,,,,,,,,,,,
Pending,,,,,,,,,,,,,,,,,,,,,,,,,,,,
Pending,,,,,,,,,,,,,,,,,,,,,,,,,,,,
Pending,,,,,,,,,,,,,,,,,,,,,,,,,,,,
Pending,,,,,,,,,,,,,,,,,,,,,,,,,,,,
Pending,,,,,,,,,,,,,,,,,,,,,,,,,,,,
Pending,,,,,,,,,,,,,,,,,,,,,,,,,,,,
Pending,,,,,,,,,,,,,,,,,,,,,,,,,,,,
Pending,,,,,,,,,,,,,,,,,,,,,,,,,,,,
Pending,,,,,,,,,,,,,,,,,,,,,,,,,,,,
Pending,,,,,,,,,,,,,,,,,,,,,,,,,,,,
Pending,,,,,,,,,,,,,,,,,,,,,,,,,,,,
Pending,,,,,,,,,,,,,,,,,,,,,,,,,,,,
Pending,,,,,,,,,,,,,,,,,,,,,,,,,,,,
Pending,,,,,,,,,,,,,,,,,,,,,,,,,,,,
Pending,,,,,,,,,,,,,,,,,,,,,,,,,,,,
Pending,,,,,,,,,,,,,,,,,,,,,,,,,,,,
Pending,,,,,,,,,,,,,,,,,,,,,,,,,,,,
Pending,,,,,,,,,,,,,,,,,,,,,,,,,,,,
Pending,,,,,,,,,,,,,,,,,,,,,,,,,,,,
Pending,,,,,,,,,,,,,,,,,,,,,,,,,,,,
Pending,,,,,,,,,,,,,,,,,,,,,,,,,,,,
Pending,,,,,,,,,,,,,,,,,,,,,,,,,,,,
Pending,,,,,,,,,,,,,,,,,,,,,,,,,,,,
Pending,,,,,,,,,,,,,,,,,,,,,,,,,,,,
Pending,,,,,,,,,,,,,,,,,,,,,,,,,,,,
Pending,,,,,,,,,,,,,,,,,,,,,,,,,,,,
Pending,,,,,,,,,,,,,,,,,,,,,,,,,,,,
Pending,,,,,,,,,,,,,,,,,,,,,,,,,,,,
Pending,,,,,,,,,,,,,,,,,,,,,,,,,,,,
Pending,,,,,,,,,,,,,,,,,,,,,,,,,,,,
Pending,,,,,,,,,,,,,,,,,,,,,,,,,,,,
Pending,,,,,,,,,,,,,,,,,,,,,,,,,,,,
Pending,,,,,,,,,,,,,,,,,,,,,,,,,,,,
Pending,,,,,,,,,,,,,,,,,,,,,,,,,,,,
Pending,,,,,,,,,,,,,,,,,,,,,,,,,,,,
Pending,,,,,,,,,,,,,,,,,,,,,,,,,,,,
Pending,,,,,,,,,,,,,,,,,,,,,,,,,,,,
Pending,,,,,,,,,,,,,,,,,,,,,,,,,,,,
Pending,,,,,,,,,,,,,,,,,,,,,,,,,,,,
Pending,,,,,,,,,,,,,,,,,,,,,,,,,,,,
Pending,,,,,,,,,,,,,,,,,,,,,,,,,,,,
Pending,,,,,,,,,,,,,,,,,,,,,,,,,,,,
Pending,,,,,,,,,,,,,,,,,,,,,,,,,,,,
Pending,,,,,,,,,,,,,,,,,,,,,,,,,,,,
Pending,,,,,,,,,,,,,,,,,,,,,,,,,,,,
Pending,,,,,,,,,,,,,,,,,,,,,,,,,,,,
Pending,,,,,,,,,,,,,,,,,,,,,,,,,,,,
Pending,,,,,,,,,,,,,,,,,,,,,,,,,,,,
Pending,,,,,,,,,,,,,,,,,,,,,,,,,,,,
Pending,,,,,,,,,,,,,,,,,,,,,,,,,,,,
Pending,,,,,,,,,,,,,,,,,,,,,,,,,,,,
Pending,,,,,,,,,,,,,,,,,,,,,,,,,,,,
Pending,,,,,,,,,,,,,,,,,,,,,,,,,,,,
Pending,,,,,,,,,,,,,,,,,,,,,,,,,,,,
Pending,,,,,,,,,,,,,,,,,,,,,,,,,,,,
Pending,,,,,,,,,,,,,,,,,,,,,,,,,,,,
Pending,,,,,,,,,,,,,,,,,,,,,,,,,,,,
Pending,,,,,,,,,,,,,,,,,,,,,,,,,,,,
Pending,,,,,,,,,,,,,,,,,,,,,,,,,,,,
Pending,,,,,,,,,,,,,,,,,,,,,,,,,,,,
Pending,,,,,,,,,,,,,,,,,,,,,,,,,,,,
Pending,,,,,,,,,,,,,,,,,,,,,,,,,,,,
Pending,,,,,,,,,,,,,,,,,,,,,,,,,,,,
Pending,,,,,,,,,,,,,,,,,,,,,,,,,,,,
Pending,,,,,,,,,,,,,,,,,,,,,,,,,,,,
Pending,,,,,,,,,,,,,,,,,,,,,,,,,,,,
Pending,,,,,,,,,,,,,,,,,,,,,,,,,,,,
Pending,,,,,,,,,,,,,,,,,,,,,,,,,,,,
Pending,,,,,,,,,,,,,,,,,,,,,,,,,,,,
Pending,,,,,,,,,,,,,,,,,,,,,,,,,,,,
Pending,,,,,,,,,,,,,,,,,,,,,,,,,,,,
Pending,,,,,,,,,,,,,,,,,,,,,,,,,,,,
Pending,,,,,,,,,,,,,,,,,,,,,,,,,,,,
Pending,,,,,,,,,,,,,,,,,,,,,,,,,,,,
Pending,,,,,,,,,,,,,,,,,,,,,,,,,,,,
Pending,,,,,,,,,,,,,,,,,,,,,,,,,,,,
Pending,,,,,,,,,,,,,,,,,,,,,,,,,,,,
Pending,,,,,,,,,,,,,,,,,,,,,,,,,,,,
Pending,,,,,,,,,,,,,,,,,,,,,,,,,,,,
Pending,,,,,,,,,,,,,,,,,,,,,,,,,,,,
Pending,,,,,,,,,,,,,,,,,,,,,,,,,,,,
Pending,,,,,,,,,,,,,,,,,,,,,,,,,,,,
Pending,,,,,,,,,,,,,,,,,,,,,,,,,,,,
Pending,,,,,,,,,,,,,,,,,,,,,,,,,,,,
Pending,,,,,,,,,,,,,,,,,,,,,,,,,,,,
Pending,,,,,,,,,,,,,,,,,,,,,,,,,,,,
Pending,,,,,,,,,,,,,,,,,,,,,,,,,,,,
Pending,,,,,,,,,,,,,,,,,,,,,,,,,,,,
Pending,,,,,,,,,,,,,,,,,,,,,,,,,,,,
Pending,,,,,,,,,,,,,,,,,,,,,,,,,,,,
Pending,,,,,,,,,,,,,,,,,,,,,,,,,,,,
Pending,,,,,,,,,,,,,,,,,,,,,,,,,,,,
Pending,,,,,,,,,,,,,,,,,,,,,,,,,,,,
Pending,,,,,,,,,,,,,,,,,,,,,,,,,,,,
Pending,,,,,,,,,,,,,,,,,,,,,,,,,,,,
Pending,,,,,,,,,,,,,,,,,,,,,,,,,,,,
Pending,,,,,,,,,,,,,,,,,,,,,,,,,,,,
Pending,,,,,,,,,,,,,,,,,,,,,,,,,,,,
Pending,,,,,,,,,,,,,,,,,,,,,,,,,,,,
Pending,,,,,,,,,,,,,,,,,,,,,,,,,,,,
Pending,,,,,,,,,,,,,,,,,,,,,,,,,,,,
Pending,,,,,,,,,,,,,,,,,,,,,,,,,,,,
Pending,,,,,,,,,,,,,,,,,,,,,,,,,,,,
Pending,,,,,,,,,,,,,,,,,,,,,,,,,,,,
Pending,,,,,,,,,,,,,,,,,,,,,,,,,,,,
Pending,,,,,,,,,,,,,,,,,,,,,,,,,,,,
Pending,,,,,,,,,,,,,,,,,,,,,,,,,,,,
Pending,,,,,,,,,,,,,,,,,,,,,,,,,,,,
Pending,,,,,,,,,,,,,,,,,,,,,,,,,,,,
Pending,,,,,,,,,,,,,,,,,,,,,,,,,,,,
Pending,,,,,,,,,,,,,,,,,,,,,,,,,,,,
Pending,,,,,,,,,,,,,,,,,,,,,,,,,,,,
Pending,,,,,,,,,,,,,,,,,,,,,,,,,,,,
Pending,,,,,,,,,,,,,,,,,,,,,,,,,,,,
Pending,,,,,,,,,,,,,,,,,,,,,,,,,,,,
Pending,,,,,,,,,,,,,,,,,,,,,,,,,,,,
Pending,,,,,,,,,,,,,,,,,,,,,,,,,,,,
Pending,,,,,,,,,,,,,,,,,,,,,,,,,,,,
Pending,,,,,,,,,,,,,,,,,,,,,,,,,,,,
Pending,,,,,,,,,,,,,,,,,,,,,,,,,,,,
Pending,,,,,,,,,,,,,,,,,,,,,,,,,,,,
Pending,,,,,,,,,,,,,,,,,,,,,,,,,,,,
Pending,,,,,,,,,,,,,,,,,,,,,,,,,,,,
Pending,,,,,,,,,,,,,,,,,,,,,,,,,,,,
Pending,,,,,,,,,,,,,,,,,,,,,,,,,,,,
Pending,,,,,,,,,,,,,,,,,,,,,,,,,,,,
Pending,,,,,,,,,,,,,,,,,,,,,,,,,,,,
Pending,,,,,,,,,,,,,,,,,,,,,,,,,,,,
Pending,,,,,,,,,,,,,,,,,,,,,,,,,,,,
Pending,,,,,,,,,,,,,,,,,,,,,,,,,,,,
Pending,,,,,,,,,,,,,,,,,,,,,,,,,,,,
Pending,,,,,,,,,,,,,,,,,,,,,,,,,,,,
Pending,,,,,,,,,,,,,,,,,,,,,,,,,,,,
Pending,,,,,,,,,,,,,,,,,,,,,,,,,,,,
Pending,,,,,,,,,,,,,,,,,,,,,,,,,,,,
Pending,,,,,,,,,,,,,,,,,,,,,,,,,,,,
Pending,,,,,,,,,,,,,,,,,,,,,,,,,,,,
Pending,,,,,,,,,,,,,,,,,,,,,,,,,,,,
Pending,,,,,,,,,,,,,,,,,,,,,,,,,,,,
Pending,,,,,,,,,,,,,,,,,,,,,,,,,,,,
Pending,,,,,,,,,,,,,,,,,,,,,,,,,,,,
Pending,,,,,,,,,,,,,,,,,,,,,,,,,,,,
Pending,,,,,,,,,,,,,,,,,,,,,,,,,,,,
Pending,,,,,,,,,,,,,,,,,,,,,,,,,,,,
Pending,,,,,,,,,,,,,,,,,,,,,,,,,,,,
Pending,,,,,,,,,,,,,,,,,,,,,,,,,,,,
Pending,,,,,,,,,,,,,,,,,,,,,,,,,,,,
Pending,,,,,,,,,,,,,,,,,,,,,,,,,,,,
Pending,,,,,,,,,,,,,,,,,,,,,,,,,,,,
Pending,,,,,,,,,,,,,,,,,,,,,,,,,,,,
Pending,,,,,,,,,,,,,,,,,,,,,,,,,,,,
Pending,,,,,,,,,,,,,,,,,,,,,,,,,,,,
Pending,,,,,,,,,,,,,,,,,,,,,,,,,,,,
Pending,,,,,,,,,,,,,,,,,,,,,,,,,,,,
Pending,,,,,,,,,,,,,,,,,,,,,,,,,,,,
Pending,,,,,,,,,,,,,,,,,,,,,,,,,,,,
Pending,,,,,,,,,,,,,,,,,,,,,,,,,,,,
Pending,,,,,,,,,,,,,,,,,,,,,,,,,,,,
Pending,,,,,,,,,,,,,,,,,,,,,,,,,,,,
Pending,,,,,,,,,,,,,,,,,,,,,,,,,,,,
Pending,,,,,,,,,,,,,,,,,,,,,,,,,,,,
Pending,,,,,,,,,,,,,,,,,,,,,,,,,,,,
Pending,,,,,,,,,,,,,,,,,,,,,,,,,,,,
Pending,,,,,,,,,,,,,,,,,,,,,,,,,,,,
Pending,,,,,,,,,,,,,,,,,,,,,,,,,,,,
Pending,,,,,,,,,,,,,,,,,,,,,,,,,,,,
Pending,,,,,,,,,,,,,,,,,,,,,,,,,,,,
Pending,,,,,,,,,,,,,,,,,,,,,,,,,,,,
Pending,,,,,,,,,,,,,,,,,,,,,,,,,,,,
Pending,,,,,,,,,,,,,,,,,,,,,,,,,,,,
Pending,,,,,,,,,,,,,,,,,,,,,,,,,,,,
Pending,,,,,,,,,,,,,,,,,,,,,,,,,,,,
Pending,,,,,,,,,,,,,,,,,,,,,,,,,,,,
Pending,,,,,,,,,,,,,,,,,,,,,,,,,,,,
Pending,,,,,,,,,,,,,,,,,,,,,,,,,,,,
Pending,,,,,,,,,,,,,,,,,,,,,,,,,,,,
Pending,,,,,,,,,,,,,,,,,,,,,,,,,,,,
Pending,,,,,,,,,,,,,,,,,,,,,,,,,,,,
Pending,,,,,,,,,,,,,,,,,,,,,,,,,,,,
Pending,,,,,,,,,,,,,,,,,,,,,,,,,,,,
Pending,,,,,,,,,,,,,,,,,,,,,,,,,,,,
Pending,,,,,,,,,,,,,,,,,,,,,,,,,,,,
Pending,,,,,,,,,,,,,,,,,,,,,,,,,,,,
Pending,,,,,,,,,,,,,,,,,,,,,,,,,,,,
Pending,,,,,,,,,,,,,,,,,,,,,,,,,,,,
Pending,,,,,,,,,,,,,,,,,,,,,,,,,,,,
Pending,,,,,,,,,,,,,,,,,,,,,,,,,,,,
Pending,,,,,,,,,,,,,,,,,,,,,,,,,,,,
Pending,,,,,,,,,,,,,,,,,,,,,,,,,,,,
Pending,,,,,,,,,,,,,,,,,,,,,,,,,,,,
Pending,,,,,,,,,,,,,,,,,,,,,,,,,,,,
Pending,,,,,,,,,,,,,,,,,,,,,,,,,,,,
Pending,,,,,,,,,,,,,,,,,,,,,,,,,,,,
Pending,,,,,,,,,,,,,,,,,,,,,,,,,,,,
Pending,,,,,,,,,,,,,,,,,,,,,,,,,,,,
Pending,,,,,,,,,,,,,,,,,,,,,,,,,,,,
Pending,,,,,,,,,,,,,,,,,,,,,,,,,,,,
Pending,,,,,,,,,,,,,,,,,,,,,,,,,,,,
Pending,,,,,,,,,,,,,,,,,,,,,,,,,,,,
Pending,,,,,,,,,,,,,,,,,,,,,,,,,,,,
Pending,,,,,,,,,,,,,,,,,,,,,,,,,,,,
Pending,,,,,,,,,,,,,,,,,,,,,,,,,,,,
Pending,,,,,,,,,,,,,,,,,,,,,,,,,,,,
Pending,,,,,,,,,,,,,,,,,,,,,,,,,,,,
Pending,,,,,,,,,,,,,,,,,,,,,,,,,,,,
Pending,,,,,,,,,,,,,,,,,,,,,,,,,,,,
Pending,,,,,,,,,,,,,,,,,,,,,,,,,,,,
Pending,,,,,,,,,,,,,,,,,,,,,,,,,,,,
Pending,,,,,,,,,,,,,,,,,,,,,,,,,,,,
Pending,,,,,,,,,,,,,,,,,,,,,,,,,,,,
Pending,,,,,,,,,,,,,,,,,,,,,,,,,,,,
Pending,,,,,,,,,,,,,,,,,,,,,,,,,,,,
Pending,,,,,,,,,,,,,,,,,,,,,,,,,,,,
Pending,,,,,,,,,,,,,,,,,,,,,,,,,,,,
Pending,,,,,,,,,,,,,,,,,,,,,,,,,,,,
Pending,,,,,,,,,,,,,,,,,,,,,,,,,,,,
Pending,,,,,,,,,,,,,,,,,,,,,,,,,,,,
Pending,,,,,,,,,,,,,,,,,,,,,,,,,,,,
Pending,,,,,,,,,,,,,,,,,,,,,,,,,,,,
Pending,,,,,,,,,,,,,,,,,,,,,,,,,,,,
Pending,,,,,,,,,,,,,,,,,,,,,,,,,,,,
Pending,,,,,,,,,,,,,,,,,,,,,,,,,,,,
Pending,,,,,,,,,,,,,,,,,,,,,,,,,,,,
Pending,,,,,,,,,,,,,,,,,,,,,,,,,,,,
Pending,,,,,,,,,,,,,,,,,,,,,,,,,,,,
Pending,,,,,,,,,,,,,,,,,,,,,,,,,,,,
Pending,,,,,,,,,,,,,,,,,,,,,,,,,,,,
Pending,,,,,,,,,,,,,,,,,,,,,,,,,,,,
Pending,,,,,,,,,,,,,,,,,,,,,,,,,,,,
Pending,,,,,,,,,,,,,,,,,,,,,,,,,,,,
Pending,,,,,,,,,,,,,,,,,,,,,,,,,,,,
Pending,,,,,,,,,,,,,,,,,,,,,,,,,,,,
Pending,,,,,,,,,,,,,,,,,,,,,,,,,,,,
Pending,,,,,,,,,,,,,,,,,,,,,,,,,,,,
Pending,,,,,,,,,,,,,,,,,,,,,,,,,,,,
Pending,,,,,,,,,,,,,,,,,,,,,,,,,,,,
Pending,,,,,,,,,,,,,,,,,,,,,,,,,,,,
Pending,,,,,,,,,,,,,,,,,,,,,,,,,,,,
Pending,,,,,,,,,,,,,,,,,,,,,,,,,,,,
Pending,,,,,,,,,,,,,,,,,,,,,,,,,,,,
Pending,,,,,,,,,,,,,,,,,,,,,,,,,,,,
Pending,,,,,,,,,,,,,,,,,,,,,,,,,,,,
Pending,,,,,,,,,,,,,,,,,,,,,,,,,,,,
Pending,,,,,,,,,,,,,,,,,,,,,,,,,,,,
Pending,,,,,,,,,,,,,,,,,,,,,,,,,,,,
Pending,,,,,,,,,,,,,,,,,,,,,,,,,,,,
Pending,,,,,,,,,,,,,,,,,,,,,,,,,,,,
Pending,,,,,,,,,,,,,,,,,,,,,,,,,,,,
Pending,,,,,,,,,,,,,,,,,,,,,,,,,,,,
Pending,,,,,,,,,,,,,,,,,,,,,,,,,,,,
Pending,,,,,,,,,,,,,,,,,,,,,,,,,,,,
Pending,,,,,,,,,,,,,,,,,,,,,,,,,,,,
Pending,,,,,,,,,,,,,,,,,,,,,,,,,,,,
Pending,,,,,,,,,,,,,,,,,,,,,,,,,,,,
Pending,,,,,,,,,,,,,,,,,,,,,,,,,,,,
Pending,,,,,,,,,,,,,,,,,,,,,,,,,,,,
Pending,,,,,,,,,,,,,,,,,,,,,,,,,,,,
Pending,,,,,,,,,,,,,,,,,,,,,,,,,,,,
Pending,,,,,,,,,,,,,,,,,,,,,,,,,,,,
Pending,,,,,,,,,,,,,,,,,,,,,,,,,,,,
Pending,,,,,,,,,,,,,,,,,,,,,,,,,,,,
Pending,,,,,,,,,,,,,,,,,,,,,,,,,,,,
Pending,,,,,,,,,,,,,,,,,,,,,,,,,,,,
Pending,,,,,,,,,,,,,,,,,,,,,,,,,,,,
Pending,,,,,,,,,,,,,,,,,,,,,,,,,,,,
Pending,,,,,,,,,,,,,,,,,,,,,,,,,,,,
Pending,,,,,,,,,,,,,,,,,,,,,,,,,,,,
Pending,,,,,,,,,,,,,,,,,,,,,,,,,,,,
Pending,,,,,,,,,,,,,,,,,,,,,,,,,,,,
Pending,,,,,,,,,,,,,,,,,,,,,,,,,,,,
Pending,,,,,,,,,,,,,,,,,,,,,,,,,,,,
Pending,,,,,,,,,,,,,,,,,,,,,,,,,,,,
Pending,,,,,,,,,,,,,,,,,,,,,,,,,,,,
Pending,,,,,,,,,,,,,,,,,,,,,,,,,,,,
Pending,,,,,,,,,,,,,,,,,,,,,,,,,,,,
Pending,,,,,,,,,,,,,,,,,,,,,,,,,,,,
Pending,,,,,,,,,,,,,,,,,,,,,,,,,,,,
Pending,,,,,,,,,,,,,,,,,,,,,,,,,,,,
Pending,,,,,,,,,,,,,,,,,,,,,,,,,,,,
Pending,,,,,,,,,,,,,,,,,,,,,,,,,,,,
Pending,,,,,,,,,,,,,,,,,,,,,,,,,,,,
Pending,,,,,,,,,,,,,,,,,,,,,,,,,,,,
Pending,,,,,,,,,,,,,,,,,,,,,,,,,,,,
Pending,,,,,,,,,,,,,,,,,,,,,,,,,,,,
Pending,,,,,,,,,,,,,,,,,,,,,,,,,,,,
Pending,,,,,,,,,,,,,,,,,,,,,,,,,,,,
Pending,,,,,,,,,,,,,,,,,,,,,,,,,,,,
Pending,,,,,,,,,,,,,,,,,,,,,,,,,,,,
Pending,,,,,,,,,,,,,,,,,,,,,,,,,,,,
Pending,,,,,,,,,,,,,,,,,,,,,,,,,,,,
Pending,,,,,,,,,,,,,,,,,,,,,,,,,,,,
Pending,,,,,,,,,,,,,,,,,,,,,,,,,,,,
Pending,,,,,,,,,,,,,,,,,,,,,,,,,,,,
Pending,,,,,,,,,,,,,,,,,,,,,,,,,,,,
Pending,,,,,,,,,,,,,,,,,,,,,,,,,,,,
Pending,,,,,,,,,,,,,,,,,,,,,,,,,,,,
Pending,,,,,,,,,,,,,,,,,,,,,,,,,,,,
Pending,,,,,,,,,,,,,,,,,,,,,,,,,,,,
Pending,,,,,,,,,,,,,,,,,,,,,,,,,,,,
Pending,,,,,,,,,,,,,,,,,,,,,,,,,,,,
Pending,,,,,,,,,,,,,,,,,,,,,,,,,,,,
Pending,,,,,,,,,,,,,,,,,,,,,,,,,,,,
Pending,,,,,,,,,,,,,,,,,,,,,,,,,,,,
Pending,,,,,,,,,,,,,,,,,,,,,,,,,,,,
Pending,,,,,,,,,,,,,,,,,,,,,,,,,,,,
Pending,,,,,,,,,,,,,,,,,,,,,,,,,,,,
Pending,,,,,,,,,,,,,,,,,,,,,,,,,,,,
Pending,,,,,,,,,,,,,,,,,,,,,,,,,,,,
Pending,,,,,,,,,,,,,,,,,,,,,,,,,,,,
Pending,,,,,,,,,,,,,,,,,,,,,,,,,,,,
Pending,,,,,,,,,,,,,,,,,,,,,,,,,,,,
Pending,,,,,,,,,,,,,,,,,,,,,,,,,,,,
Pending,,,,,,,,,,,,,,,,,,,,,,,,,,,,
Pending,,,,,,,,,,,,,,,,,,,,,,,,,,,,
Pending,,,,,,,,,,,,,,,,,,,,,,,,,,,,
Pending,,,,,,,,,,,,,,,,,,,,,,,,,,,,
Pending,,,,,,,,,,,,,,,,,,,,,,,,,,,,
Pending,,,,,,,,,,,,,,,,,,,,,,,,,,,,
Pending,,,,,,,,,,,,,,,,,,,,,,,,,,,,
Pending,,,,,,,,,,,,,,,,,,,,,,,,,,,,
Pending,,,,,,,,,,,,,,,,,,,,,,,,,,,,
Pending,,,,,,,,,,,,,,,,,,,,,,,,,,,,
Pending,,,,,,,,,,,,,,,,,,,,,,,,,,,,
Pending,,,,,,,,,,,,,,,,,,,,,,,,,,,,
Pending,,,,,,,,,,,,,,,,,,,,,,,,,,,,
Pending,,,,,,,,,,,,,,,,,,,,,,,,,,,,
Pending,,,,,,,,,,,,,,,,,,,,,,,,,,,,
Pending,,,,,,,,,,,,,,,,,,,,,,,,,,,,
Pending,,,,,,,,,,,,,,,,,,,,,,,,,,,,
Pending,,,,,,,,,,,,,,,,,,,,,,,,,,,,
Pending,,,,,,,,,,,,,,,,,,,,,,,,,,,,
Pending,,,,,,,,,,,,,,,,,,,,,,,,,,,,
Pending,,,,,,,,,,,,,,,,,,,,,,,,,,,,
Pending,,,,,,,,,,,,,,,,,,,,,,,,,,,,
Pending,,,,,,,,,,,,,,,,,,,,,,,,,,,,
Pending,,,,,,,,,,,,,,,,,,,,,,,,,,,,
Pending,,,,,,,,,,,,,,,,,,,,,,,,,,,,
Pending,,,,,,,,,,,,,,,,,,,,,,,,,,,,
Pending,,,,,,,,,,,,,,,,,,,,,,,,,,,,
Pending,,,,,,,,,,,,,,,,,,,,,,,,,,,,
Pending,,,,,,,,,,,,,,,,,,,,,,,,,,,,
Pending,,,,,,,,,,,,,,,,,,,,,,,,,,,,
Pending,,,,,,,,,,,,,,,,,,,,,,,,,,,,
Pending,,,,,,,,,,,,,,,,,,,,,,,,,,,,
Pending,,,,,,,,,,,,,,,,,,,,,,,,,,,,
Pending,,,,,,,,,,,,,,,,,,,,,,,,,,,,
Pending,,,,,,,,,,,,,,,,,,,,,,,,,,,,
Pending,,,,,,,,,,,,,,,,,,,,,,,,,,,,
Pending,,,,,,,,,,,,,,,,,,,,,,,,,,,,
Pending,,,,,,,,,,,,,,,,,,,,,,,,,,,,
Pending,,,,,,,,,,,,,,,,,,,,,,,,,,,,
Pending,,,,,,,,,,,,,,,,,,,,,,,,,,,,
Pending,,,,,,,,,,,,,,,,,,,,,,,,,,,,
Pending,,,,,,,,,,,,,,,,,,,,,,,,,,,,
Pending,,,,,,,,,,,,,,,,,,,,,,,,,,,,
Pending,,,,,,,,,,,,,,,,,,,,,,,,,,,,
Pending,,,,,,,,,,,,,,,,,,,,,,,,,,,,
Pending,,,,,,,,,,,,,,,,,,,,,,,,,,,,
Pending,,,,,,,,,,,,,,,,,,,,,,,,,,,,
Pending,,,,,,,,,,,,,,,,,,,,,,,,,,,,
Pending,,,,,,,,,,,,,,,,,,,,,,,,,,,,
Pending,,,,,,,,,,,,,,,,,,,,,,,,,,,,
Pending,,,,,,,,,,,,,,,,,,,,,,,,,,,,
Pending,,,,,,,,,,,,,,,,,,,,,,,,,,,,
Pending,,,,,,,,,,,,,,,,,,,,,,,,,,,,
Pending,,,,,,,,,,,,,,,,,,,,,,,,,,,,
Pending,,,,,,,,,,,,,,,,,,,,,,,,,,,,
Pending,,,,,,,,,,,,,,,,,,,,,,,,,,,,
Pending,,,,,,,,,,,,,,,,,,,,,,,,,,,,
Pending,,,,,,,,,,,,,,,,,,,,,,,,,,,,
Pending,,,,,,,,,,,,,,,,,,,,,,,,,,,,
Pending,,,,,,,,,,,,,,,,,,,,,,,,,,,,
Pending,,,,,,,,,,,,,,,,,,,,,,,,,,,,
Pending,,,,,,,,,,,,,,,,,,,,,,,,,,,,
Pending,,,,,,,,,,,,,,,,,,,,,,,,,,,,
Pending,,,,,,,,,,,,,,,,,,,,,,,,,,,,
Pending,,,,,,,,,,,,,,,,,,,,,,,,,,,,
Pending,,,,,,,,,,,,,,,,,,,,,,,,,,,,
Pending,,,,,,,,,,,,,,,,,,,,,,,,,,,,
Pending,,,,,,,,,,,,,,,,,,,,,,,,,,,,
Pending,,,,,,,,,,,,,,,,,,,,,,,,,,,,
Pending,,,,,,,,,,,,,,,,,,,,,,,,,,,,
Pending,,,,,,,,,,,,,,,,,,,,,,,,,,,,
Pending,,,,,,,,,,,,,,,,,,,,,,,,,,,,
Pending,,,,,,,,,,,,,,,,,,,,,,,,,,,,
Pending,,,,,,,,,,,,,,,,,,,,,,,,,,,,
Pending,,,,,,,,,,,,,,,,,,,,,,,,,,,,
Pending,,,,,,,,,,,,,,,,,,,,,,,,,,,,
Pending,,,,,,,,,,,,,,,,,,,,,,,,,,,,
Pending,,,,,,,,,,,,,,,,,,,,,,,,,,,,
Pending,,,,,,,,,,,,,,,,,,,,,,,,,,,,
Pending,,,,,,,,,,,,,,,,,,,,,,,,,,,,
Pending,,,,,,,,,,,,,,,,,,,,,,,,,,,,
Pending,,,,,,,,,,,,,,,,,,,,,,,,,,,,
Pending,,,,,,,,,,,,,,,,,,,,,,,,,,,,
Pending,,,,,,,,,,,,,,,,,,,,,,,,,,,,
Pending,,,,,,,,,,,,,,,,,,,,,,,,,,,,
Pending,,,,,,,,,,,,,,,,,,,,,,,,,,,,
Pending,,,,,,,,,,,,,,,,,,,,,,,,,,,,
Pending,,,,,,,,,,,,,,,,,,,,,,,,,,,,
Pending,,,,,,,,,,,,,,,,,,,,,,,,,,,,
Pending,,,,,,,,,,,,,,,,,,,,,,,,,,,,
Pending,,,,,,,,,,,,,,,,,,,,,,,,,,,,
Pending,,,,,,,,,,,,,,,,,,,,,,,,,,,,
Pending,,,,,,,,,,,,,,,,,,,,,,,,,,,,
Pending,,,,,,,,,,,,,,,,,,,,,,,,,,,,
Pending,,,,,,,,,,,,,,,,,,,,,,,,,,,,
Pending,,,,,,,,,,,,,,,,,,,,,,,,,,,,
Pending,,,,,,,,,,,,,,,,,,,,,,,,,,,,
Pending,,,,,,,,,,,,,,,,,,,,,,,,,,,,
Pending,,,,,,,,,,,,,,,,,,,,,,,,,,,,
Pending,,,,,,,,,,,,,,,,,,,,,,,,,,,,
Pending,,,,,,,,,,,,,,,,,,,,,,,,,,,,
Pending,,,,,,,,,,,,,,,,,,,,,,,,,,,,
Pending,,,,,,,,,,,,,,,,,,,,,,,,,,,,
Pending,,,,,,,,,,,,,,,,,,,,,,,,,,,,
Pending,,,,,,,,,,,,,,,,,,,,,,,,,,,,
Pending,,,,,,,,,,,,,,,,,,,,,,,,,,,,
Pending,,,,,,,,,,,,,,,,,,,,,,,,,,,,
Pending,,,,,,,,,,,,,,,,,,,,,,,,,,,,
Pending,,,,,,,,,,,,,,,,,,,,,,,,,,,,
Pending,,,,,,,,,,,,,,,,,,,,,,,,,,,,
Pending,,,,,,,,,,,,,,,,,,,,,,,,,,,,
Pending,,,,,,,,,,,,,,,,,,,,,,,,,,,,
Pending,,,,,,,,,,,,,,,,,,,,,,,,,,,,
Pending,,,,,,,,,,,,,,,,,,,,,,,,,,,,
Pending,,,,,,,,,,,,,,,,,,,,,,,,,,,,
Pending,,,,,,,,,,,,,,,,,,,,,,,,,,,,
Pending,,,,,,,,,,,,,,,,,,,,,,,,,,,,
Pending,,,,,,,,,,,,,,,,,,,,,,,,,,,,
Pending,,,,,,,,,,,,,,,,,,,,,,,,,,,,
Pending,,,,,,,,,,,,,,,,,,,,,,,,,,,,
Pending,,,,,,,,,,,,,,,,,,,,,,,,,,,,
Pending,,,,,,,,,,,,,,,,,,,,,,,,,,,,
Pending,,,,,,,,,,,,,,,,,,,,,,,,,,,,
Pending,,,,,,,,,,,,,,,,,,,,,,,,,,,,
Pending,,,,,,,,,,,,,,,,,,,,,,,,,,,,
Pending,,,,,,,,,,,,,,,,,,,,,,,,,,,,
Pending,,,,,,,,,,,,,,,,,,,,,,,,,,,,
Pending,,,,,,,,,,,,,,,,,,,,,,,,,,,,
Pending,,,,,,,,,,,,,,,,,,,,,,,,,,,,
Pending,,,,,,,,,,,,,,,,,,,,,,,,,,,,
Pending,,,,,,,,,,,,,,,,,,,,,,,,,,,,
Pending,,,,,,,,,,,,,,,,,,,,,,,,,,,,
Pending,,,,,,,,,,,,,,,,,,,,,,,,,,,,
Pending,,,,,,,,,,,,,,,,,,,,,,,,,,,,
Pending,,,,,,,,,,,,,,,,,,,,,,,,,,,,
Pending,,,,,,,,,,,,,,,,,,,,,,,,,,,,
Pending,,,,,,,,,,,,,,,,,,,,,,,,,,,,
Pending,,,,,,,,,,,,,,,,,,,,,,,,,,,,
Pending,,,,,,,,,,,,,,,,,,,,,,,,,,,,
Pending,,,,,,,,,,,,,,,,,,,,,,,,,,,,
Pending,,,,,,,,,,,,,,,,,,,,,,,,,,,,
Pending,,,,,,,,,,,,,,,,,,,,,,,,,,,,
Pending,,,,,,,,,,,,,,,,,,,,,,,,,,,,
Pending,,,,,,,,,,,,,,,,,,,,,,,,,,,,
Pending,,,,,,,,,,,,,,,,,,,,,,,,,,,,
Pending,,,,,,,,,,,,,,,,,,,,,,,,,,,,
Pending,,,,,,,,,,,,,,,,,,,,,,,,,,,,
Pending,,,,,,,,,,,,,,,,,,,,,,,,,,,,
Pending,,,,,,,,,,,,,,,,,,,,,,,,,,,,
Pending,,,,,,,,,,,,,,,,,,,,,,,,,,,,
Pending,,,,,,,,,,,,,,,,,,,,,,,,,,,,
Pending,,,,,,,,,,,,,,,,,,,,,,,,,,,,
Pending,,,,,,,,,,,,,,,,,,,,,,,,,,,,
Pending,,,,,,,,,,,,,,,,,,,,,,,,,,,,
Pending,,,,,,,,,,,,,,,,,,,,,,,,,,,,
Pending,,,,,,,,,,,,,,,,,,,,,,,,,,,,
Pending,,,,,,,,,,,,,,,,,,,,,,,,,,,,
Pending,,,,,,,,,,,,,,,,,,,,,,,,,,,,
Pending,,,,,,,,,,,,,,,,,,,,,,,,,,,,
Pending,,,,,,,,,,,,,,,,,,,,,,,,,,,,
Pending,,,,,,,,,,,,,,,,,,,,,,,,,,,,
Pending,,,,,,,,,,,,,,,,,,,,,,,,,,,,
Pending,,,,,,,,,,,,,,,,,,,,,,,,,,,,
Pending,,,,,,,,,,,,,,,,,,,,,,,,,,,,
Pending,,,,,,,,,,,,,,,,,,,,,,,,,,,,
Pending,,,,,,,,,,,,,,,,,,,,,,,,,,,,
Pending,,,,,,,,,,,,,,,,,,,,,,,,,,,,
Pending,,,,,,,,,,,,,,,,,,,,,,,,,,,,
Pending,,,,,,,,,,,,,,,,,,,,,,,,,,,,
Pending,,,,,,,,,,,,,,,,,,,,,,,,,,,,
Pending,,,,,,,,,,,,,,,,,,,,,,,,,,,,
Pending,,,,,,,,,,,,,,,,,,,,,,,,,,,,
Pending,,,,,,,,,,,,,,,,,,,,,,,,,,,,
Pending,,,,,,,,,,,,,,,,,,,,,,,,,,,,
Pending,,,,,,,,,,,,,,,,,,,,,,,,,,,,
Pending,,,,,,,,,,,,,,,,,,,,,,,,,,,,
Pending,,,,,,,,,,,,,,,,,,,,,,,,,,,,
Pending,,,,,,,,,,,,,,,,,,,,,,,,,,,,
Pending,,,,,,,,,,,,,,,,,,,,,,,,,,,,
Pending,,,,,,,,,,,,,,,,,,,,,,,,,,,,
Pending,,,,,,,,,,,,,,,,,,,,,,,,,,,,
Pending,,,,,,,,,,,,,,,,,,,,,,,,,,,,
Pending,,,,,,,,,,,,,,,,,,,,,,,,,,,,
Pending,,,,,,,,,,,,,,,,,,,,,,,,,,,,
Pending,,,,,,,,,,,,,,,,,,,,,,,,,,,,
Pending,,,,,,,,,,,,,,,,,,,,,,,,,,,,
Pending,,,,,,,,,,,,,,,,,,,,,,,,,,,,
Pending,,,,,,,,,,,,,,,,,,,,,,,,,,,,
Pending,,,,,,,,,,,,,,,,,,,,,,,,,,,,
Pending,,,,,,,,,,,,,,,,,,,,,,,,,,,,
Pending,,,,,,,,,,,,,,,,,,,,,,,,,,,,
Pending,,,,,,,,,,,,,,,,,,,,,,,,,,,,
Pending,,,,,,,,,,,,,,,,,,,,,,,,,,,,
Pending,,,,,,,,,,,,,,,,,,,,,,,,,,,,
Pending,,,,,,,,,,,,,,,,,,,,,,,,,,,,
Pending,,,,,,,,,,,,,,,,,,,,,,,,,,,,
Pending,,,,,,,,,,,,,,,,,,,,,,,,,,,,
Pending,,,,,,,,,,,,,,,,,,,,,,,,,,,,
Pending,,,,,,,,,,,,,,,,,,,,,,,,,,,,
Pending,,,,,,,,,,,,,,,,,,,,,,,,,,,,
Pending,,,,,,,,,,,,,,,,,,,,,,,,,,,,
Pending,,,,,,,,,,,,,,,,,,,,,,,,,,,,
Pending,,,,,,,,,,,,,,,,,,,,,,,,,,,,
Pending,,,,,,,,,,,,,,,,,,,,,,,,,,,,
Pending,,,,,,,,,,,,,,,,,,,,,,,,,,,,
Pending,,,,,,,,,,,,,,,,,,,,,,,,,,,,
Pending,,,,,,,,,,,,,,,,,,,,,,,,,,,,
Pending,,,,,,,,,,,,,,,,,,,,,,,,,,,,
Pending,,,,,,,,,,,,,,,,,,,,,,,,,,,,
Pending,,,,,,,,,,,,,,,,,,,,,,,,,,,,
Pending,,,,,,,,,,,,,,,,,,,,,,,,,,,,
Pending,,,,,,,,,,,,,,,,,,,,,,,,,,,,
Pending,,,,,,,,,,,,,,,,,,,,,,,,,,,,
Pending,,,,,,,,,,,,,,,,,,,,,,,,,,,,
Pending,,,,,,,,,,,,,,,,,,,,,,,,,,,,
Pending,,,,,,,,,,,,,,,,,,,,,,,,,,,,
Pending,,,,,,,,,,,,,,,,,,,,,,,,,,,,
Pending,,,,,,,,,,,,,,,,,,,,,,,,,,,,
Pending,,,,,,,,,,,,,,,,,,,,,,,,,,,,
Pending,,,,,,,,,,,,,,,,,,,,,,,,,,,,
Pending,,,,,,,,,,,,,,,,,,,,,,,,,,,,
Pending,,,,,,,,,,,,,,,,,,,,,,,,,,,,
Pending,,,,,,,,,,,,,,,,,,,,,,,,,,,,
Pending,,,,,,,,,,,,,,,,,,,,,,,,,,,,
Pending,,,,,,,,,,,,,,,,,,,,,,,,,,,,
Pending,,,,,,,,,,,,,,,,,,,,,,,,,,,,
Pending,,,,,,,,,,,,,,,,,,,,,,,,,,,,
Pending,,,,,,,,,,,,,,,,,,,,,,,,,,,,
Pending,,,,,,,,,,,,,,,,,,,,,,,,,,,,
Pending,,,,,,,,,,,,,,,,,,,,,,,,,,,,
Pending,,,,,,,,,,,,,,,,,,,,,,,,,,,,
Pending,,,,,,,,,,,,,,,,,,,,,,,,,,,,
Pending,,,,,,,,,,,,,,,,,,,,,,,,,,,,
Pending,,,,,,,,,,,,,,,,,,,,,,,,,,,,
Pending,,,,,,,,,,,,,,,,,,,,,,,,,,,,
Pending,,,,,,,,,,,,,,,,,,,,,,,,,,,,
Pending,,,,,,,,,,,,,,,,,,,,,,,,,,,,
Pending,,,,,,,,,,,,,,,,,,,,,,,,,,,,
Pending,,,,,,,,,,,,,,,,,,,,,,,,,,,,
Pending,,,,,,,,,,,,,,,,,,,,,,,,,,,,
Pending,,,,,,,,,,,,,,,,,,,,,,,,,,,,
Pending,,,,,,,,,,,,,,,,,,,,,,,,,,,,
Pending,,,,,,,,,,,,,,,,,,,,,,,,,,,,
Pending,,,,,,,,,,,,,,,,,,,,,,,,,,,,
Pending,,,,,,,,,,,,,,,,,,,,,,,,,,,,
Pending,,,,,,,,,,,,,,,,,,,,,,,,,,,,
Pending,,,,,,,,,,,,,,,,,,,,,,,,,,,,
Pending,,,,,,,,,,,,,,,,,,,,,,,,,,,,
Pending,,,,,,,,,,,,,,,,,,,,,,,,,,,,
Pending,,,,,,,,,,,,,,,,,,,,,,,,,,,,
Pending,,,,,,,,,,,,,,,,,,,,,,,,,,,,
Pending,,,,,,,,,,,,,,,,,,,,,,,,,,,,